A1_Score,A2_Score,A3_Score,A4_Score,A5_Score,A6_Score,A7_Score,A8_Score,A9_Score,A10_Score,age,gender,jaundice,austim,ethnicity,country,age_group,data_source,Class_ASD
0,0,1,1,1,0,0,1,1,1,18.9,m,no,no,Latino,Others,children,synthetic_calibrated,0
0,0,0,1,0,0,0,0,0,1,33.0,m,no,no,Hispanic,Saudi Arabia,adults,synthetic_calibrated,0
0,0,1,1,0,0,0,1,0,1,23.0,m,no,no,Asian,Unknown,adults,uci_real,0
1,1,0,0,0,0,0,1,0,0,27.6,f,yes,no,Latino,Canada,adolescents,synthetic_calibrated,0
0,0,0,0,0,0,1,0,0,0,23.3,f,yes,no,Others,Canada,children,synthetic_calibrated,0
0,0,0,0,0,0,0,1,0,0,36.7,f,no,no,Pasifika,Others,adults,synthetic_calibrated,0
1,1,1,1,1,1,1,0,1,1,10.0,m,no,no,White-European,Unknown,children,uci_real,1
1,0,0,0,1,0,0,0,0,0,30.9,m,no,no,Asian,Saudi Arabia,adults,synthetic_calibrated,0
0,1,0,0,1,0,0,1,0,1,15.6,m,yes,no,White-European,Australia,adults,synthetic_calibrated,0
1,0,0,0,0,0,1,1,0,1,31.8,m,no,no,Others,Saudi Arabia,adults,synthetic_calibrated,0
0,1,0,0,0,0,0,1,0,0,16.8,m,yes,no,Others,New Zealand,children,synthetic_calibrated,0
1,0,0,0,0,1,1,1,1,1,28.2,f,no,no,Pasifika,United Kingdom,toddlers,synthetic_calibrated,1
0,0,0,0,1,0,1,0,0,0,20.0,f,no,no,nan,Unknown,adults,uci_real,0
1,0,0,1,1,1,1,1,1,1,35.6,m,no,no,South Asian,UAE,children,synthetic_calibrated,1
1,1,1,1,0,1,1,1,1,1,7.9,f,yes,no,Latino,Saudi Arabia,toddlers,synthetic_calibrated,1
0,1,0,0,0,0,0,1,0,1,21.0,f,no,no,Others,Unknown,adults,uci_real,0
1,1,1,1,1,1,1,1,1,0,6.0,m,no,yes,Asian,Unknown,children,uci_real,1
1,1,1,1,1,1,1,0,1,1,2.3,m,no,no,Asian,Australia,children,synthetic_calibrated,1
1,0,1,0,1,1,0,1,0,1,4.0,m,no,no,'South Asian',Unknown,children,uci_real,0
0,1,0,1,1,0,0,0,0,1,34.8,f,no,no,Pasifika,UAE,adolescents,synthetic_calibrated,0
1,0,1,1,1,0,0,1,1,0,42.2,f,no,no,White-European,India,toddlers,synthetic_calibrated,0
1,0,0,0,0,0,0,1,0,0,19.0,f,no,no,'Middle Eastern ',Unknown,adults,uci_real,0
0,0,1,1,1,0,0,1,0,0,30.0,m,no,no,Others,Saudi Arabia,adults,synthetic_calibrated,0
1,0,1,1,1,1,1,0,1,0,40.3,f,no,no,White-European,Canada,children,synthetic_calibrated,1
1,0,1,0,1,1,1,0,0,1,7.7,f,no,no,Asian,United States,toddlers,synthetic_calibrated,1
1,0,1,0,0,0,1,1,0,0,9.0,m,yes,no,'Middle Eastern ',Unknown,children,uci_real,0
1,0,1,0,0,0,0,1,1,1,23.2,m,no,no,Asian,Australia,toddlers,synthetic_calibrated,0
1,0,1,1,1,1,1,1,1,1,28.0,f,no,no,White-European,Unknown,adults,uci_real,1
1,0,1,1,1,1,0,1,1,1,10.7,f,no,no,Pasifika,New Zealand,children,synthetic_calibrated,1
1,0,1,1,1,1,1,1,1,1,26.8,m,no,no,Hispanic,Canada,adults,synthetic_calibrated,1
1,0,0,1,1,0,0,1,0,1,21.5,m,no,no,Pasifika,Canada,children,synthetic_calibrated,0
1,0,0,0,1,0,1,1,0,1,42.0,m,no,no,Asian,Unknown,adults,uci_real,0
0,1,1,0,0,1,0,0,1,1,11.0,f,yes,no,Latino,Unknown,children,uci_real,0
0,1,0,0,1,1,0,0,0,1,5.0,f,yes,no,nan,Unknown,children,uci_real,0
0,0,1,1,1,1,0,0,0,0,9.9,m,no,no,Asian,Saudi Arabia,adults,synthetic_calibrated,0
1,0,1,0,1,1,0,0,1,1,6.0,f,no,no,'Middle Eastern ',Unknown,children,uci_real,0
1,0,1,1,1,1,1,1,0,0,19.1,f,no,no,Others,United States,adolescents,synthetic_calibrated,1
0,0,1,0,0,0,0,0,1,1,28.3,m,no,no,Latino,UAE,toddlers,synthetic_calibrated,0
1,1,1,0,1,0,0,1,0,0,18.0,m,no,no,'Middle Eastern ',Unknown,adults,uci_real,0
1,1,0,1,0,0,0,1,0,1,21.0,f,no,no,'South Asian',Unknown,adults,uci_real,0
1,1,1,0,1,1,0,0,1,1,11.0,m,no,no,Hispanic,Unknown,children,uci_real,1
0,1,1,1,1,0,0,1,0,1,1.7,f,yes,no,Black,Australia,toddlers,synthetic_calibrated,0
1,0,1,0,1,1,1,0,0,1,5.0,f,no,no,White-European,UAE,adults,synthetic_calibrated,0
1,0,0,0,0,0,1,0,0,0,18.5,f,no,no,Others,United States,adults,synthetic_calibrated,0
1,0,0,0,0,0,0,1,1,0,36.6,f,no,no,Others,Others,children,synthetic_calibrated,0
1,1,1,0,1,0,1,0,1,1,24.6,m,no,no,Black,Canada,children,synthetic_calibrated,1
1,1,1,1,1,1,1,0,0,1,1.0,m,no,no,Asian,United States,adults,synthetic_calibrated,1
0,0,0,0,0,0,0,1,0,0,40.0,m,yes,no,Pasifika,Unknown,adults,uci_real,0
0,1,0,0,0,0,0,1,0,0,19.9,m,no,no,Latino,India,children,synthetic_calibrated,0
1,0,0,0,0,0,0,1,1,1,30.0,f,no,no,White-European,Unknown,adults,uci_real,0
1,0,1,0,0,0,0,0,0,0,28.8,f,no,no,Black,Canada,children,synthetic_calibrated,0
1,1,0,1,0,0,0,1,0,0,30.6,m,no,no,Asian,Australia,adults,synthetic_calibrated,0
1,0,0,1,1,0,1,1,0,0,15.1,m,no,no,Black,Others,children,synthetic_calibrated,1
1,1,1,1,1,1,0,1,0,1,5.7,f,no,no,Pasifika,Australia,adolescents,synthetic_calibrated,0
0,1,1,0,0,1,0,0,1,0,15.6,f,yes,no,White-European,UAE,adolescents,synthetic_calibrated,0
0,0,0,1,0,0,1,0,0,1,21.5,m,no,no,Others,United Kingdom,children,synthetic_calibrated,0
0,0,1,1,1,0,0,1,1,1,29.0,m,no,no,'Middle Eastern ',Unknown,adults,uci_real,0
0,0,1,0,0,0,1,0,0,0,40.3,f,yes,no,Others,Australia,adults,synthetic_calibrated,0
0,1,0,0,0,0,0,0,0,0,40.5,f,no,no,South Asian,UAE,adults,synthetic_calibrated,0
1,0,0,0,0,0,1,1,1,1,31.1,m,no,no,Others,United States,children,synthetic_calibrated,0
1,1,0,1,0,0,1,1,0,0,17.2,f,no,no,Asian,India,children,synthetic_calibrated,0
1,0,1,1,1,1,0,0,1,1,4.0,m,no,yes,Hispanic,Unknown,children,uci_real,1
1,1,1,1,0,1,1,0,1,1,29.7,m,no,no,Others,Saudi Arabia,adults,synthetic_calibrated,1
1,1,0,0,1,1,0,0,1,0,13.1,f,no,no,White-European,Saudi Arabia,adults,synthetic_calibrated,0
0,0,1,0,1,0,1,1,0,1,4.0,m,no,no,Latino,Others,adolescents,synthetic_calibrated,1
0,1,1,1,0,1,0,0,1,0,38.4,f,no,no,Middle Eastern,India,adults,synthetic_calibrated,0
1,0,1,1,1,0,0,0,0,0,8.0,m,no,no,White-European,Unknown,children,uci_real,0
1,0,0,0,1,1,0,1,0,1,28.1,m,no,no,Pasifika,Saudi Arabia,adults,synthetic_calibrated,1
1,0,0,1,0,0,0,1,1,0,12.8,m,no,no,Pasifika,UAE,adults,synthetic_calibrated,0
1,1,1,1,1,1,0,0,1,1,23.6,m,no,no,Black,Australia,adults,synthetic_calibrated,1
1,0,1,1,1,1,0,1,1,1,5.0,f,no,no,'Middle Eastern ',Unknown,children,uci_real,1
0,1,0,1,0,1,0,0,0,0,19.6,f,no,no,White-European,United States,adults,synthetic_calibrated,0
0,0,0,0,0,0,0,1,1,0,23.7,f,no,no,South Asian,Others,toddlers,synthetic_calibrated,0
0,1,1,0,0,0,1,1,0,1,6.0,m,no,yes,nan,Unknown,children,uci_real,0
1,1,0,0,1,1,1,0,0,1,10.1,f,no,no,South Asian,Others,adults,synthetic_calibrated,0
1,0,1,1,1,1,1,0,1,1,11.0,m,no,no,White-European,Unknown,children,uci_real,1
0,1,0,0,0,0,0,1,1,0,29.7,m,no,no,Asian,United Kingdom,toddlers,synthetic_calibrated,0
1,1,0,1,0,0,0,1,0,1,24.0,m,no,no,Latino,Unknown,adults,uci_real,0
1,1,1,1,0,0,1,1,0,0,50.0,m,no,no,White-European,Unknown,adults,uci_real,0
0,1,1,0,1,0,1,0,0,0,5.9,f,no,no,Hispanic,Others,children,synthetic_calibrated,0
1,0,1,0,0,0,0,1,0,1,33.0,f,no,no,Asian,Others,children,synthetic_calibrated,0
1,1,1,1,1,1,0,1,1,1,3.4,m,yes,no,Pasifika,Others,adolescents,synthetic_calibrated,1
1,0,0,1,0,0,0,1,0,0,21.0,f,no,no,Latino,Unknown,adults,uci_real,0
1,1,1,1,1,1,1,0,1,0,7.1,f,no,no,White-European,India,adults,synthetic_calibrated,1
0,0,0,0,0,1,0,1,0,0,37.8,m,no,no,Latino,Saudi Arabia,adolescents,synthetic_calibrated,0
0,1,0,1,1,1,1,1,0,0,41.2,f,no,no,Asian,United States,adults,synthetic_calibrated,0
1,0,0,0,1,1,0,0,0,1,2.7,m,no,no,Others,Saudi Arabia,adults,synthetic_calibrated,0
1,0,1,1,1,1,0,0,1,0,16.1,m,no,no,Pasifika,United States,adolescents,synthetic_calibrated,0
1,0,0,0,1,0,0,1,0,0,23.6,m,no,no,Middle Eastern,Australia,toddlers,synthetic_calibrated,0
1,0,1,0,0,0,0,1,0,0,26.8,m,no,no,White-European,Canada,adults,synthetic_calibrated,0
1,0,0,1,0,0,0,1,0,1,8.7,m,no,no,Middle Eastern,United Kingdom,adolescents,synthetic_calibrated,0
1,0,1,1,0,0,1,1,1,0,35.0,f,yes,no,Hispanic,UAE,children,synthetic_calibrated,0
0,1,1,0,0,1,1,1,0,0,4.0,m,yes,no,nan,Unknown,children,uci_real,0
1,0,1,1,1,1,0,1,0,1,4.0,m,no,no,'South Asian',Unknown,children,uci_real,1
0,1,1,1,0,1,0,0,0,0,31.0,m,yes,no,Hispanic,India,children,synthetic_calibrated,0
1,0,1,1,0,0,0,0,1,0,33.9,f,no,no,South Asian,Canada,children,synthetic_calibrated,0
0,0,0,1,0,1,0,0,1,1,4.0,m,no,no,Asian,Unknown,children,uci_real,0
1,0,0,1,0,0,1,1,0,1,38.5,f,no,no,Middle Eastern,Canada,adults,synthetic_calibrated,0
1,1,1,1,1,1,0,0,1,0,17.5,f,no,no,Others,United States,adults,synthetic_calibrated,1
1,0,0,0,0,0,0,1,0,1,39.8,m,no,no,Hispanic,United States,children,synthetic_calibrated,0
0,0,0,0,1,0,0,1,0,0,18.0,m,no,no,'Middle Eastern ',Unknown,adults,uci_real,0
1,1,0,1,1,0,0,1,0,1,32.7,f,no,no,Pasifika,United Kingdom,adults,synthetic_calibrated,0
0,1,1,0,0,0,0,0,0,0,24.0,m,no,no,Black,Unknown,adults,uci_real,0
1,1,0,1,1,1,1,1,1,1,29.8,m,no,no,Middle Eastern,Saudi Arabia,adolescents,synthetic_calibrated,1
0,0,1,1,0,0,0,0,0,1,38.0,m,no,no,'Middle Eastern ',Unknown,adults,uci_real,0
1,0,0,0,0,0,1,1,0,0,25.0,m,no,no,Asian,Unknown,adults,uci_real,0
1,1,1,1,1,1,0,1,1,1,21.0,m,no,no,Black,Unknown,adults,uci_real,1
1,0,0,0,0,0,1,1,0,0,23.0,m,no,no,Asian,Unknown,adults,uci_real,0
1,0,0,0,1,1,1,1,0,1,25.0,m,no,no,Asian,Unknown,adults,uci_real,0
1,0,1,0,1,1,1,0,0,1,18.8,m,no,no,Latino,Saudi Arabia,children,synthetic_calibrated,0
1,0,1,0,1,1,1,0,0,1,6.0,m,yes,no,'South Asian',Unknown,children,uci_real,0
1,0,0,0,0,1,1,0,0,1,23.1,f,no,no,Black,United Kingdom,adults,synthetic_calibrated,0
1,0,1,0,0,0,1,1,0,0,29.1,f,no,no,Pasifika,Canada,adults,synthetic_calibrated,0
1,1,0,0,0,0,0,1,0,0,37.2,f,no,no,White-European,Saudi Arabia,children,synthetic_calibrated,0
1,0,0,1,1,0,0,1,1,1,24.9,f,no,no,White-European,Canada,children,synthetic_calibrated,0
1,1,1,0,1,1,1,1,1,1,19.0,m,no,no,Hispanic,Others,adults,synthetic_calibrated,1
1,1,1,0,1,1,1,0,1,1,56.0,m,yes,no,White-European,Unknown,adults,uci_real,1
1,1,1,0,1,1,0,1,1,1,26.2,m,no,no,Others,India,children,synthetic_calibrated,1
1,0,0,1,1,0,1,0,0,1,15.4,m,no,no,Black,United States,adults,synthetic_calibrated,0
1,1,1,1,1,1,1,1,0,1,20.4,m,no,no,South Asian,UAE,adults,synthetic_calibrated,1
0,0,0,1,1,0,0,1,0,0,12.3,m,no,no,Middle Eastern,Australia,children,synthetic_calibrated,0
1,0,1,0,1,1,1,0,0,1,26.9,m,no,no,Hispanic,Saudi Arabia,children,synthetic_calibrated,0
0,0,1,0,1,1,1,1,1,1,37.5,m,no,no,Hispanic,United States,children,synthetic_calibrated,0
1,0,0,1,1,1,0,0,0,1,11.0,f,no,yes,White-European,Unknown,children,uci_real,0
1,1,1,1,1,1,0,1,1,1,24.0,m,no,no,White-European,Unknown,adults,uci_real,1
1,0,0,1,1,1,1,1,1,1,28.0,f,no,no,White-European,Unknown,adults,uci_real,1
0,1,1,0,1,1,0,0,0,1,3.6,m,yes,no,Latino,Others,children,synthetic_calibrated,0
1,1,1,1,1,1,1,1,1,1,17.5,f,no,no,Latino,India,adults,synthetic_calibrated,1
0,0,1,1,0,1,0,1,0,1,10.1,m,no,no,Asian,UAE,toddlers,synthetic_calibrated,0
1,0,0,0,0,0,0,0,0,0,40.6,m,no,no,Others,India,children,synthetic_calibrated,0
0,0,0,0,0,1,1,1,0,1,31.9,m,no,no,Latino,United Kingdom,adults,synthetic_calibrated,0
1,1,1,0,1,0,1,1,1,1,25.7,f,yes,no,South Asian,India,toddlers,synthetic_calibrated,1
0,1,1,0,0,0,0,1,0,0,26.0,m,no,no,'Middle Eastern ',Unknown,adults,uci_real,0
0,0,1,1,1,0,1,0,1,0,1.0,f,yes,no,Asian,Others,children,synthetic_calibrated,0
1,1,1,1,1,0,0,1,1,1,33.0,m,no,no,White-European,Unknown,adults,uci_real,1
1,1,1,1,1,1,1,1,1,1,43.1,m,no,no,Middle Eastern,New Zealand,adults,synthetic_calibrated,1
1,1,1,1,1,1,1,0,1,1,21.8,f,no,no,White-European,United Kingdom,children,synthetic_calibrated,1
1,0,0,0,0,0,1,0,1,1,21.0,f,no,no,'Middle Eastern ',Unknown,adults,uci_real,0
0,1,1,0,1,1,1,1,1,1,25.4,m,yes,no,Middle Eastern,New Zealand,children,synthetic_calibrated,1
1,0,0,0,0,0,0,0,0,0,37.0,m,no,no,White-European,Unknown,adults,uci_real,0
1,0,0,1,0,0,1,0,0,1,28.0,f,no,no,nan,Unknown,adults,uci_real,0
0,1,0,0,0,0,0,1,0,1,33.4,f,yes,no,White-European,New Zealand,adults,synthetic_calibrated,0
1,0,1,0,1,0,0,1,1,1,21.9,m,no,no,White-European,India,children,synthetic_calibrated,0
1,0,0,0,0,0,1,0,0,0,21.3,m,no,no,Latino,Saudi Arabia,adults,synthetic_calibrated,0
0,0,0,0,0,1,0,1,1,0,36.5,m,yes,no,South Asian,United Kingdom,adolescents,synthetic_calibrated,0
1,1,1,1,1,0,0,0,0,1,9.0,f,no,no,Asian,Others,adults,synthetic_calibrated,0
1,0,0,0,0,0,0,1,0,0,42.0,f,no,no,'Middle Eastern ',Unknown,adults,uci_real,0
1,1,1,0,1,1,1,1,1,1,34.2,f,no,no,South Asian,New Zealand,children,synthetic_calibrated,1
0,1,1,0,1,1,0,0,0,0,4.0,f,yes,no,'Middle Eastern ',Unknown,children,uci_real,0
1,1,1,1,1,0,0,1,0,0,19.0,m,no,no,nan,Unknown,adults,uci_real,0
1,0,0,1,1,0,0,0,0,1,20.7,f,no,no,Pasifika,Saudi Arabia,adolescents,synthetic_calibrated,0
1,1,1,0,1,1,0,0,1,1,17.8,m,yes,no,Others,Australia,children,synthetic_calibrated,1
1,1,1,1,1,1,1,0,1,0,24.8,f,no,no,White-European,UAE,adults,synthetic_calibrated,1
1,1,1,0,1,1,0,0,1,1,45.7,m,no,no,Asian,Saudi Arabia,children,synthetic_calibrated,1
1,0,1,0,1,0,1,0,0,0,19.6,m,no,no,Black,Canada,toddlers,synthetic_calibrated,0
1,0,0,0,0,1,1,0,0,0,19.1,m,yes,no,South Asian,New Zealand,adults,synthetic_calibrated,0
0,0,1,0,1,0,1,0,1,1,30.0,m,no,no,Asian,Unknown,adults,uci_real,0
0,0,1,1,1,1,1,1,1,1,1.0,m,yes,no,Hispanic,Canada,children,synthetic_calibrated,1
0,0,1,1,1,0,1,1,1,1,30.3,f,yes,no,South Asian,United Kingdom,adolescents,synthetic_calibrated,0
1,0,1,1,0,0,0,1,0,0,7.7,f,no,no,Latino,Canada,adolescents,synthetic_calibrated,0
1,1,0,1,0,0,0,0,0,0,25.0,f,no,no,Hispanic,Saudi Arabia,children,synthetic_calibrated,0
1,0,0,1,1,0,1,1,0,0,1.0,m,no,no,Asian,Australia,toddlers,synthetic_calibrated,1
1,0,1,0,1,0,0,1,0,0,33.8,m,no,no,Middle Eastern,Australia,adults,synthetic_calibrated,0
0,0,0,0,1,0,0,1,0,0,19.0,m,no,no,nan,Unknown,adults,uci_real,0
0,0,1,0,1,1,1,1,1,1,4.0,m,no,no,Asian,Unknown,children,uci_real,1
0,1,1,0,0,0,1,1,0,1,28.1,m,yes,no,Middle Eastern,Australia,adolescents,synthetic_calibrated,0
1,1,0,0,1,0,0,1,1,1,29.0,m,no,no,White-European,Unknown,adults,uci_real,0
0,1,1,0,0,0,1,1,1,1,7.0,m,yes,no,White-European,Unknown,children,uci_real,0
0,0,0,0,1,0,0,0,0,1,19.9,f,no,no,White-European,New Zealand,adults,synthetic_calibrated,0
0,1,0,1,1,0,0,1,0,0,18.5,m,no,no,Middle Eastern,UAE,children,synthetic_calibrated,0
1,0,0,0,0,0,1,0,0,1,20.4,f,yes,no,Latino,Canada,toddlers,synthetic_calibrated,0
0,0,1,0,0,0,0,1,0,0,39.1,f,no,no,Hispanic,New Zealand,children,synthetic_calibrated,0
0,1,1,0,1,0,1,0,0,0,1.0,m,no,no,Middle Eastern,Saudi Arabia,adults,synthetic_calibrated,0
1,0,0,0,0,0,0,1,0,1,21.0,m,no,no,White-European,Unknown,adults,uci_real,0
1,0,0,0,0,0,0,1,1,0,23.5,m,no,no,Hispanic,United Kingdom,toddlers,synthetic_calibrated,0
0,0,1,1,1,1,1,1,1,1,24.7,m,no,no,Asian,United States,adults,synthetic_calibrated,1
1,0,1,1,1,0,0,0,0,0,22.7,f,no,no,Latino,Australia,adults,synthetic_calibrated,0
0,0,0,0,0,0,0,0,0,0,20.0,m,no,no,'Middle Eastern ',Unknown,adults,uci_real,0
1,0,1,1,1,1,0,0,1,0,23.1,m,no,no,White-European,UAE,adults,synthetic_calibrated,0
1,0,0,1,1,1,0,1,1,1,1.0,m,no,no,Others,UAE,children,synthetic_calibrated,1
0,0,1,0,1,0,1,0,1,0,12.4,m,no,no,Others,United States,adolescents,synthetic_calibrated,0
0,0,0,0,0,0,0,1,1,0,37.0,f,no,no,Others,Unknown,adults,uci_real,0
0,0,1,0,0,0,0,1,1,1,31.1,m,no,no,White-European,Australia,adults,synthetic_calibrated,0
1,1,0,1,0,0,1,0,0,1,22.2,f,no,no,Latino,Others,adolescents,synthetic_calibrated,0
1,1,1,0,0,0,0,1,0,0,14.8,f,no,no,Pasifika,Canada,children,synthetic_calibrated,0
0,0,0,1,1,0,1,0,0,0,19.9,m,no,no,Middle Eastern,UAE,adults,synthetic_calibrated,0
1,0,1,0,1,1,1,1,1,1,2.2,m,no,no,Middle Eastern,India,adults,synthetic_calibrated,1
1,0,1,1,1,1,1,0,1,1,17.9,f,yes,no,Others,Saudi Arabia,adults,synthetic_calibrated,1
0,0,1,1,1,1,1,1,1,1,29.9,f,no,no,Black,Saudi Arabia,adults,synthetic_calibrated,1
1,1,1,0,1,1,1,1,1,1,30.3,f,yes,no,Others,Canada,adolescents,synthetic_calibrated,1
1,1,1,1,0,0,1,0,1,1,11.0,f,no,no,White-European,Unknown,children,uci_real,1
0,1,0,0,1,0,0,1,0,0,15.4,m,no,no,White-European,UAE,adolescents,synthetic_calibrated,0
1,1,0,1,1,0,1,1,1,0,46.0,f,no,no,Pasifika,United States,toddlers,synthetic_calibrated,1
1,1,0,1,0,0,0,1,0,0,47.2,f,no,no,Middle Eastern,Canada,adolescents,synthetic_calibrated,0
1,0,1,1,0,1,0,0,1,1,24.8,m,no,no,Pasifika,India,adults,synthetic_calibrated,1
1,0,1,1,1,1,1,1,1,1,8.7,m,yes,no,Black,United States,adults,synthetic_calibrated,1
0,0,0,0,0,0,0,1,0,0,34.0,f,no,no,'South Asian',Unknown,adults,uci_real,0
1,0,1,1,1,1,1,1,1,1,28.3,m,yes,no,White-European,UAE,adults,synthetic_calibrated,1
0,1,1,0,1,0,0,1,0,1,29.9,f,no,no,Middle Eastern,India,toddlers,synthetic_calibrated,1
1,0,0,0,0,0,1,1,1,0,21.0,f,no,no,White-European,Saudi Arabia,children,synthetic_calibrated,0
1,0,0,1,1,0,1,0,0,1,6.5,m,no,no,Hispanic,India,adults,synthetic_calibrated,0
1,0,1,1,1,0,1,0,1,1,28.6,f,yes,no,South Asian,UAE,children,synthetic_calibrated,0
1,1,0,0,0,0,0,0,0,1,33.0,m,no,no,Asian,United States,adolescents,synthetic_calibrated,0
1,1,1,1,1,1,0,1,1,1,20.9,m,no,no,White-European,Australia,toddlers,synthetic_calibrated,1
0,1,0,0,0,0,0,1,0,0,17.0,f,no,no,Black,Unknown,adults,uci_real,0
1,1,1,0,0,1,1,1,1,1,1.0,m,no,no,Latino,United Kingdom,adults,synthetic_calibrated,1
0,1,0,0,0,0,1,0,0,1,47.0,f,yes,no,White-European,Unknown,adults,uci_real,0
1,0,0,1,1,1,0,1,0,1,31.0,m,no,no,'Middle Eastern ',Unknown,adults,uci_real,0
0,1,0,0,1,0,1,0,0,1,9.0,m,yes,no,South Asian,Saudi Arabia,adults,synthetic_calibrated,0
1,1,0,0,1,1,1,0,1,1,22.7,m,no,no,Hispanic,New Zealand,adolescents,synthetic_calibrated,1
1,1,0,1,1,1,1,1,0,1,40.7,m,no,no,Asian,United Kingdom,toddlers,synthetic_calibrated,1
0,0,1,1,1,1,1,1,0,0,48.0,f,no,no,White-European,Unknown,adults,uci_real,0
1,0,0,1,0,0,0,0,1,0,26.9,f,no,no,South Asian,UAE,adolescents,synthetic_calibrated,0
1,0,0,0,0,0,0,1,0,1,33.1,f,no,no,South Asian,United States,children,synthetic_calibrated,0
0,0,0,0,0,0,1,0,0,0,21.7,f,no,no,Pasifika,Saudi Arabia,children,synthetic_calibrated,0
1,1,0,1,1,1,1,0,0,0,7.0,f,no,no,White-European,Unknown,children,uci_real,0
0,1,1,1,0,0,0,0,0,1,1.9,m,yes,no,Latino,UAE,children,synthetic_calibrated,0
1,1,0,0,1,1,0,1,0,0,29.8,f,no,no,Hispanic,UAE,adults,synthetic_calibrated,0
0,1,0,0,1,0,0,1,0,0,28.4,m,no,no,White-European,UAE,adults,synthetic_calibrated,0
1,0,1,1,1,1,1,1,1,1,53.0,f,no,no,White-European,Unknown,adults,uci_real,1
1,0,0,0,0,0,1,1,0,1,19.0,f,no,no,Others,Unknown,adults,uci_real,0
0,0,1,1,1,0,1,1,0,0,15.1,f,no,no,Hispanic,Others,adults,synthetic_calibrated,0
1,1,0,0,0,0,1,0,0,1,10.5,f,no,no,White-European,United Kingdom,adults,synthetic_calibrated,0
1,1,1,0,0,1,0,1,0,0,27.4,f,no,no,Asian,Others,children,synthetic_calibrated,0
0,1,1,0,0,1,1,0,0,1,4.0,m,yes,no,nan,Unknown,children,uci_real,0
1,1,1,1,1,1,0,1,0,1,22.9,m,yes,no,Others,Australia,toddlers,synthetic_calibrated,1
1,0,0,0,0,0,0,0,0,0,30.0,f,no,no,Pasifika,New Zealand,adult,uci_real,0
1,0,1,0,1,1,1,0,1,0,4.0,f,yes,yes,White-European,Unknown,children,uci_real,0
0,1,1,1,1,0,0,0,1,0,31.5,f,no,no,Middle Eastern,New Zealand,children,synthetic_calibrated,0
0,1,0,0,1,0,0,1,0,1,18.4,m,no,no,White-European,Canada,adults,synthetic_calibrated,0
1,1,0,0,1,1,1,0,0,0,5.0,m,no,no,nan,Unknown,children,uci_real,0
0,0,1,0,1,0,0,1,0,1,30.4,m,no,no,Asian,Australia,adolescents,synthetic_calibrated,0
1,0,0,1,1,0,1,0,0,1,35.6,f,no,no,Middle Eastern,United Kingdom,toddlers,synthetic_calibrated,0
1,1,1,1,0,0,0,1,0,0,31.3,m,yes,no,South Asian,Saudi Arabia,adolescents,synthetic_calibrated,0
1,1,1,1,1,1,0,1,1,1,7.4,m,yes,no,White-European,Australia,children,synthetic_calibrated,1
0,0,1,0,1,0,0,0,1,0,15.2,m,no,no,South Asian,New Zealand,adults,synthetic_calibrated,0
0,1,0,1,1,0,0,0,0,0,31.2,m,no,no,Black,New Zealand,adults,synthetic_calibrated,0
1,1,1,0,0,0,0,1,0,0,18.0,m,no,no,'Middle Eastern ',Unknown,adults,uci_real,0
0,1,1,1,0,1,1,0,1,1,13.8,m,no,no,Latino,United States,toddlers,synthetic_calibrated,0
0,1,0,0,1,0,0,0,0,1,24.0,m,no,no,nan,Unknown,adults,uci_real,0
1,0,1,1,1,0,1,1,1,1,6.4,m,no,no,Latino,India,adolescents,synthetic_calibrated,1
1,0,1,1,1,1,1,1,1,1,17.0,f,no,no,White-European,Unknown,adults,uci_real,1
0,1,1,0,1,0,1,0,0,0,4.0,f,no,no,nan,Unknown,children,uci_real,0
1,0,1,1,0,1,0,0,0,0,6.5,m,no,no,Others,Australia,children,synthetic_calibrated,0
1,0,0,0,1,0,0,0,1,0,27.2,m,no,no,Middle Eastern,Saudi Arabia,toddlers,synthetic_calibrated,0
1,1,0,0,0,0,0,0,0,0,7.0,m,no,no,Asian,Unknown,children,uci_real,0
1,1,1,0,0,0,0,1,1,1,21.0,m,no,no,Others,Unknown,adults,uci_real,0
1,0,0,0,1,1,0,1,0,1,22.0,f,no,no,Black,Unknown,adults,uci_real,0
1,1,0,1,0,0,0,1,0,0,46.2,m,no,no,Others,United States,toddlers,synthetic_calibrated,0
0,1,1,1,0,0,0,0,0,0,33.0,m,yes,no,'Middle Eastern ',Unknown,adults,uci_real,0
0,0,1,1,1,0,0,0,0,1,18.0,f,no,no,'Middle Eastern ',Unknown,adults,uci_real,0
1,0,0,0,0,1,0,1,1,0,20.0,m,no,no,Hispanic,New Zealand,adolescents,synthetic_calibrated,0
0,1,1,1,1,1,0,0,1,0,25.0,f,no,no,Others,Unknown,adults,uci_real,0
1,1,1,1,1,1,1,1,1,1,40.0,m,yes,no,White-European,Unknown,adults,uci_real,1
0,0,0,0,1,1,0,0,1,1,1.0,m,yes,no,Others,New Zealand,children,synthetic_calibrated,0
1,0,1,1,0,0,1,0,0,1,40.0,f,no,no,White-European,Unknown,adults,uci_real,0
1,0,0,1,0,1,1,1,0,1,18.7,f,no,no,Others,United States,children,synthetic_calibrated,1
0,0,0,0,0,0,1,1,0,0,37.4,f,no,no,White-European,New Zealand,adults,synthetic_calibrated,0
1,0,0,1,1,1,1,1,1,1,20.7,f,no,no,Pasifika,Saudi Arabia,children,synthetic_calibrated,1
0,1,0,1,1,0,0,0,1,1,51.8,f,no,no,Black,Australia,adults,synthetic_calibrated,0
0,1,1,0,1,1,1,0,0,1,6.0,m,no,no,Black,Others,adolescents,synthetic_calibrated,0
1,0,0,0,0,0,0,0,1,0,13.4,m,no,no,Pasifika,United Kingdom,children,synthetic_calibrated,0
0,1,1,0,1,1,0,0,0,1,6.5,m,no,no,Asian,Australia,adolescents,synthetic_calibrated,0
1,1,1,1,1,1,1,1,1,1,21.9,f,no,no,Pasifika,Canada,children,synthetic_calibrated,1
1,0,1,1,0,0,1,0,1,1,1.0,f,no,no,Middle Eastern,India,children,synthetic_calibrated,1
1,0,0,0,0,0,1,1,1,1,31.0,m,no,no,'Middle Eastern ',Unknown,adults,uci_real,0
1,0,0,0,1,0,1,1,0,1,1.0,m,no,no,Pasifika,Australia,adults,synthetic_calibrated,0
1,0,0,0,0,0,0,0,0,0,63.0,f,no,no,Asian,United States,adults,synthetic_calibrated,0
0,0,0,0,0,0,0,1,0,0,18.0,f,no,no,Asian,India,adults,synthetic_calibrated,0
1,0,0,1,0,0,0,1,0,0,40.8,f,no,no,White-European,UAE,adolescents,synthetic_calibrated,0
1,0,1,0,1,0,0,0,0,1,13.6,m,no,no,Middle Eastern,Australia,children,synthetic_calibrated,0
0,0,1,0,1,0,1,0,0,1,1.6,m,no,no,Latino,United Kingdom,adults,synthetic_calibrated,0
0,1,1,1,1,1,1,0,0,1,4.0,m,yes,no,nan,Unknown,children,uci_real,1
1,1,1,1,1,1,0,1,1,1,40.7,m,no,no,Others,Australia,toddlers,synthetic_calibrated,1
1,1,0,1,1,0,1,1,1,1,23.6,f,no,no,Others,United Kingdom,children,synthetic_calibrated,1
1,0,1,1,1,0,0,1,1,1,38.0,m,no,no,White-European,Unknown,adults,uci_real,1
0,0,1,0,1,1,1,0,0,1,10.9,m,yes,no,Hispanic,India,toddlers,synthetic_calibrated,0
1,0,0,1,1,0,1,0,0,1,46.3,f,no,no,Pasifika,Saudi Arabia,children,synthetic_calibrated,0
0,1,0,1,1,1,1,0,1,0,11.3,m,no,no,White-European,Canada,toddlers,synthetic_calibrated,0
0,1,0,0,1,0,0,1,1,1,13.9,m,no,no,Black,Others,adults,synthetic_calibrated,0
0,0,0,0,0,1,1,1,1,0,2.1,m,no,no,Hispanic,Canada,adults,synthetic_calibrated,0
1,1,0,1,0,0,1,0,0,0,23.0,f,no,no,Asian,Unknown,adults,uci_real,0
1,0,0,1,1,1,1,1,1,1,20.0,f,no,no,White-European,Unknown,adults,uci_real,1
0,1,1,0,1,1,1,0,0,0,1.0,m,yes,no,Middle Eastern,Saudi Arabia,children,synthetic_calibrated,0
1,1,1,1,1,0,0,1,1,0,40.1,f,yes,no,Latino,Saudi Arabia,children,synthetic_calibrated,1
1,1,1,1,1,1,0,1,0,0,11.0,m,no,no,Black,Others,toddlers,synthetic_calibrated,0
0,1,1,1,0,0,1,0,0,1,27.2,m,no,no,South Asian,Canada,adults,synthetic_calibrated,0
0,1,0,0,0,1,0,1,0,0,42.8,f,no,no,Latino,Canada,adults,synthetic_calibrated,0
0,0,0,1,1,0,1,1,0,0,22.0,m,no,no,Middle Eastern,India,children,synthetic_calibrated,0
1,1,1,1,1,1,1,1,1,1,7.0,m,no,no,White-European,Unknown,children,uci_real,1
1,1,1,1,1,1,0,0,1,0,42.0,m,no,no,White-European,Unknown,adults,uci_real,1
1,0,0,0,0,0,1,1,0,0,19.1,m,no,no,Asian,New Zealand,adults,synthetic_calibrated,0
1,1,0,0,0,0,1,1,1,1,24.6,m,no,no,Others,Canada,children,synthetic_calibrated,1
0,0,1,1,1,0,1,1,0,0,31.1,m,no,no,Asian,United Kingdom,adolescents,synthetic_calibrated,0
1,1,0,1,0,1,1,0,0,1,14.7,f,no,no,White-European,Others,children,synthetic_calibrated,0
1,0,1,1,1,1,1,1,0,1,1.5,m,no,no,South Asian,UAE,children,synthetic_calibrated,1
1,1,1,0,0,1,0,1,0,0,32.7,f,no,no,Middle Eastern,India,adults,synthetic_calibrated,0
0,1,0,0,0,0,0,1,0,0,32.0,f,no,no,'South Asian',Unknown,adults,uci_real,0
0,1,0,0,0,0,0,1,0,0,23.0,m,no,no,White-European,Unknown,adults,uci_real,0
0,1,1,0,0,0,0,0,0,1,15.0,f,no,no,Pasifika,Canada,children,synthetic_calibrated,0
0,0,0,1,1,1,0,1,0,1,22.0,f,no,no,Pasifika,Unknown,adults,uci_real,0
1,1,1,1,1,0,1,1,1,1,21.0,f,no,no,White-European,Unknown,adults,uci_real,1
1,0,0,0,1,0,1,1,0,0,24.0,m,no,no,Asian,Unknown,adults,uci_real,0
0,0,0,1,0,1,0,0,0,0,11.6,f,no,no,Pasifika,Saudi Arabia,children,synthetic_calibrated,0
1,0,1,1,0,1,1,1,1,1,27.2,f,yes,no,Middle Eastern,Canada,adults,synthetic_calibrated,1
1,0,1,1,0,1,1,0,0,0,1.2,m,no,no,White-European,Canada,adults,synthetic_calibrated,0
1,0,1,1,1,1,0,0,1,1,33.7,m,no,no,Asian,Saudi Arabia,children,synthetic_calibrated,1
1,1,1,1,1,1,1,1,1,1,28.0,m,no,no,White-European,Unknown,adults,uci_real,1
0,1,1,0,0,0,0,1,0,1,19.0,m,no,no,'Middle Eastern ',Unknown,adults,uci_real,0
0,0,0,1,1,1,0,0,0,1,26.1,m,no,no,South Asian,Canada,adults,synthetic_calibrated,0
1,0,0,0,0,0,0,1,0,1,46.0,f,no,no,Others,India,children,synthetic_calibrated,0
1,1,0,0,1,0,0,1,0,1,26.1,f,no,no,White-European,Canada,adolescents,synthetic_calibrated,0
1,1,1,1,1,1,1,1,1,1,35.9,f,yes,no,Pasifika,New Zealand,toddlers,synthetic_calibrated,1
1,1,1,0,1,0,1,1,1,1,31.3,m,no,no,Latino,United Kingdom,children,synthetic_calibrated,1
1,0,1,1,1,0,1,0,0,1,17.0,m,no,no,Black,Unknown,adults,uci_real,0
1,0,0,0,0,1,0,0,1,0,25.0,m,yes,no,'Middle Eastern ',Unknown,adults,uci_real,0
1,0,1,0,0,0,1,0,0,1,27.4,f,no,no,Asian,Saudi Arabia,children,synthetic_calibrated,0
1,0,0,0,0,1,0,1,0,0,29.6,m,no,no,White-European,India,adults,synthetic_calibrated,0
0,1,1,0,0,0,0,0,0,1,16.6,m,no,no,Pasifika,New Zealand,adults,synthetic_calibrated,0
1,1,1,1,1,1,1,1,0,1,22.1,f,no,no,Pasifika,New Zealand,children,synthetic_calibrated,1
1,0,1,1,1,1,0,1,1,0,38.0,f,no,no,White-European,Unknown,adults,uci_real,1
0,1,1,0,0,0,1,0,0,1,18.0,m,no,no,Black,Unknown,adults,uci_real,0
0,0,0,1,0,0,1,1,0,1,27.6,m,no,no,Others,India,toddlers,synthetic_calibrated,0
0,0,1,1,0,1,0,1,1,0,23.4,f,no,no,Asian,New Zealand,adults,synthetic_calibrated,0
1,1,0,1,1,1,0,1,1,0,40.0,f,yes,no,Black,Unknown,adults,uci_real,1
1,1,0,0,1,1,1,1,1,1,22.0,f,no,no,Black,Unknown,adults,uci_real,1
1,1,0,0,0,0,0,0,0,0,17.9,f,no,no,South Asian,UAE,adolescents,synthetic_calibrated,0
1,0,0,0,0,0,0,1,0,0,38.3,m,no,no,Others,United Kingdom,adults,synthetic_calibrated,0
1,0,1,0,0,0,0,0,0,1,20.0,f,no,no,nan,Unknown,adults,uci_real,0
0,1,1,0,0,0,0,0,1,1,31.0,m,no,no,'Middle Eastern ',Unknown,adults,uci_real,0
1,0,0,1,0,0,1,0,0,0,23.5,f,no,no,Black,Canada,toddlers,synthetic_calibrated,0
1,0,1,1,0,0,0,1,1,0,46.0,f,no,no,Latino,Saudi Arabia,adults,synthetic_calibrated,0
1,0,0,0,1,0,1,1,0,0,26.0,f,no,no,Pasifika,Canada,adults,synthetic_calibrated,0
1,0,0,1,1,1,0,1,0,1,34.0,m,no,no,South Asian,Canada,adults,synthetic_calibrated,1
0,1,1,0,0,0,1,1,0,0,30.6,f,no,no,Latino,Australia,adults,synthetic_calibrated,0
0,1,1,1,1,1,0,1,1,1,14.2,m,no,no,Asian,UAE,adolescents,synthetic_calibrated,1
1,0,0,1,0,0,0,1,0,0,14.7,f,no,no,White-European,United States,children,synthetic_calibrated,0
1,1,1,0,1,0,1,1,1,0,1.0,m,yes,no,Hispanic,Others,adults,synthetic_calibrated,1
0,0,0,0,0,0,0,0,0,1,19.5,m,no,no,White-European,Saudi Arabia,adults,synthetic_calibrated,0
1,0,0,1,1,1,1,1,0,1,30.0,m,yes,no,Asian,Unknown,adults,uci_real,1
0,0,0,0,1,1,0,1,0,0,22.2,m,no,no,Middle Eastern,United Kingdom,children,synthetic_calibrated,0
0,1,0,0,1,0,0,0,0,0,7.0,m,no,yes,'Middle Eastern ',Unknown,children,uci_real,0
0,1,1,1,1,1,0,1,1,1,18.0,m,yes,no,'Middle Eastern ',Unknown,adults,uci_real,1
1,1,1,0,1,0,1,1,0,1,19.8,m,no,no,Black,Canada,toddlers,synthetic_calibrated,1
0,0,0,1,0,0,0,0,1,1,2.7,f,no,no,Others,UAE,adults,synthetic_calibrated,0
1,0,1,1,1,1,1,1,1,1,8.9,f,yes,no,South Asian,Saudi Arabia,children,synthetic_calibrated,1
1,1,1,0,1,1,0,1,1,0,31.0,m,no,no,White-European,Unknown,adults,uci_real,1
1,0,1,1,1,1,0,1,1,1,30.1,f,no,no,Asian,Australia,children,synthetic_calibrated,1
1,1,1,1,1,1,0,1,1,1,25.0,m,no,no,Hispanic,United Kingdom,children,synthetic_calibrated,1
1,1,0,1,1,1,1,1,0,1,39.4,m,no,no,South Asian,United Kingdom,children,synthetic_calibrated,1
1,1,1,0,0,1,0,1,0,1,5.0,m,no,no,'Middle Eastern ',Unknown,children,uci_real,0
0,1,1,1,1,0,1,1,1,1,26.4,m,no,no,Others,Canada,toddlers,synthetic_calibrated,1
1,0,1,0,1,1,0,0,1,1,45.1,f,no,no,Latino,Australia,adults,synthetic_calibrated,1
0,0,1,1,1,0,0,0,0,1,22.0,f,no,no,Asian,Unknown,adults,uci_real,0
1,1,1,1,0,0,1,0,1,0,9.0,m,no,no,'South Asian',Unknown,children,uci_real,0
1,0,1,1,0,0,0,0,0,0,21.0,f,no,no,nan,Unknown,adults,uci_real,0
1,1,1,1,1,0,0,1,1,1,26.0,f,no,no,White-European,Unknown,adults,uci_real,1
1,1,0,0,0,0,0,1,0,0,18.0,f,no,no,White-European,Unknown,adults,uci_real,0
0,0,1,1,1,0,0,1,0,0,36.0,m,yes,no,White-European,Unknown,adults,uci_real,0
1,0,0,1,1,1,1,1,1,1,28.0,m,no,no,White-European,Unknown,adults,uci_real,1
1,0,0,1,1,0,0,1,1,1,43.0,m,no,no,Asian,United States,adults,synthetic_calibrated,1
1,0,1,1,1,1,1,1,1,1,35.1,f,yes,no,Black,Saudi Arabia,adolescents,synthetic_calibrated,1
1,1,0,0,1,0,1,0,0,0,40.9,f,no,no,Black,Saudi Arabia,adults,synthetic_calibrated,0
1,0,0,0,0,1,0,0,0,1,18.0,m,no,no,White-European,Unknown,adults,uci_real,0
1,0,0,1,1,1,1,0,1,1,53.0,f,no,no,White-European,Unknown,adults,uci_real,1
0,1,0,0,1,0,0,1,0,1,24.2,f,no,no,White-European,UAE,toddlers,synthetic_calibrated,0
0,1,1,0,0,0,0,1,0,0,24.4,f,no,no,Middle Eastern,New Zealand,children,synthetic_calibrated,0
1,1,1,1,0,1,0,1,1,1,26.3,m,no,no,Middle Eastern,Australia,adults,synthetic_calibrated,1
0,0,0,1,1,0,0,0,1,1,5.4,f,no,no,Hispanic,New Zealand,adults,synthetic_calibrated,0
1,0,0,0,0,0,1,1,0,1,17.0,m,no,no,nan,Unknown,adults,uci_real,0
1,1,0,0,0,0,0,1,0,1,22.0,m,no,no,Asian,Unknown,adults,uci_real,0
1,1,1,1,1,1,1,0,1,0,25.9,f,no,no,Middle Eastern,Canada,toddlers,synthetic_calibrated,1
0,0,0,0,0,0,1,0,0,1,41.4,m,no,no,Black,New Zealand,adults,synthetic_calibrated,0
1,1,1,1,1,1,1,0,1,0,15.9,m,yes,no,South Asian,India,children,synthetic_calibrated,1
1,1,1,1,1,1,0,1,1,1,15.6,m,no,no,Pasifika,Canada,toddlers,synthetic_calibrated,1
1,0,0,0,0,0,1,1,0,1,31.0,m,yes,no,'Middle Eastern ',Unknown,adults,uci_real,0
1,1,0,1,1,1,1,1,0,1,41.6,m,no,no,Middle Eastern,United Kingdom,toddlers,synthetic_calibrated,1
1,0,1,1,1,0,1,1,1,1,11.0,m,no,yes,White-European,Unknown,children,uci_real,1
1,1,1,1,1,1,0,1,0,0,28.7,f,no,no,Others,Canada,children,synthetic_calibrated,0
1,0,1,1,0,1,1,0,1,1,21.6,m,no,no,White-European,Others,adults,synthetic_calibrated,1
1,1,0,0,0,0,1,0,0,1,35.0,m,yes,no,White-European,Unknown,adults,uci_real,0
1,0,1,0,1,0,0,1,0,1,27.0,f,no,no,'South Asian',Unknown,adults,uci_real,0
1,0,0,0,0,0,0,0,0,0,29.0,f,no,no,Hispanic,Unknown,adults,uci_real,0
1,1,0,0,1,1,0,1,0,1,1.0,m,no,no,Others,New Zealand,toddlers,synthetic_calibrated,0
1,0,0,0,1,1,1,1,0,1,7.9,m,yes,no,Others,UAE,adults,synthetic_calibrated,0
1,0,0,1,1,0,1,1,1,1,18.3,f,yes,no,Others,Others,children,synthetic_calibrated,1
1,0,0,0,0,0,0,1,0,1,21.5,f,no,no,South Asian,Others,children,synthetic_calibrated,0
1,1,1,1,1,1,1,1,1,1,44.0,f,no,no,White-European,Unknown,adults,uci_real,1
0,0,0,0,1,1,1,1,0,1,1.0,m,no,no,Asian,United Kingdom,toddlers,synthetic_calibrated,0
0,0,1,1,0,1,0,0,1,0,21.2,f,no,no,Latino,New Zealand,toddlers,synthetic_calibrated,0
1,1,0,0,1,1,0,1,0,0,12.2,m,yes,no,White-European,Others,toddlers,synthetic_calibrated,0
0,1,1,0,1,1,0,1,0,1,7.0,m,yes,no,nan,Unknown,children,uci_real,0
1,1,1,0,1,0,0,1,1,1,25.0,f,no,no,White-European,Unknown,adults,uci_real,1
1,0,1,1,1,1,1,1,1,1,30.5,f,no,no,Latino,Others,adults,synthetic_calibrated,1
1,1,1,1,1,1,1,0,1,1,10.0,f,no,no,Asian,Unknown,children,uci_real,1
1,0,1,1,1,0,0,1,1,1,19.9,f,no,no,White-European,Saudi Arabia,adults,synthetic_calibrated,1
1,0,0,0,0,0,0,1,0,0,44.6,m,no,no,Asian,New Zealand,children,synthetic_calibrated,0
0,1,0,0,0,1,0,0,0,0,23.4,f,no,no,Others,New Zealand,adults,synthetic_calibrated,0
1,1,1,1,1,1,1,1,1,1,18.9,f,no,no,Hispanic,United Kingdom,children,synthetic_calibrated,1
0,0,1,1,1,0,1,0,1,0,11.1,m,yes,no,Hispanic,Canada,adults,synthetic_calibrated,0
1,0,1,1,1,1,0,1,1,1,32.5,m,no,no,Black,Others,adolescents,synthetic_calibrated,1
1,1,0,0,1,0,1,1,1,1,3.6,f,no,no,Others,United Kingdom,children,synthetic_calibrated,1
0,0,1,0,0,0,0,1,0,0,20.3,m,no,no,White-European,UAE,children,synthetic_calibrated,0
1,1,1,1,1,0,1,1,1,1,13.4,m,no,no,Asian,Others,adults,synthetic_calibrated,1
1,1,1,1,1,1,0,1,1,1,38.0,m,no,no,White-European,Unknown,adults,uci_real,1
1,0,0,1,1,0,1,1,0,1,21.3,m,no,no,White-European,UAE,adults,synthetic_calibrated,0
1,0,1,1,0,0,0,0,0,0,39.0,m,no,no,White-European,Unknown,adults,uci_real,0
1,0,1,0,0,0,1,0,0,0,26.0,m,no,no,nan,Unknown,adults,uci_real,0
1,0,0,0,0,0,0,0,0,0,45.5,f,no,no,Asian,Australia,adults,synthetic_calibrated,0
1,1,1,1,1,0,1,1,1,1,29.9,m,no,no,Black,India,children,synthetic_calibrated,1
1,1,1,1,0,1,0,1,1,1,10.0,m,yes,no,Black,Unknown,children,uci_real,1
0,0,0,1,1,0,1,1,0,0,28.6,f,no,no,Others,Others,toddlers,synthetic_calibrated,0
1,1,1,1,1,0,1,1,0,1,21.0,m,no,no,White-European,Unknown,adults,uci_real,1
0,1,0,0,0,0,0,0,0,1,39.4,f,no,no,Hispanic,Saudi Arabia,adults,synthetic_calibrated,0
0,0,1,0,1,0,1,1,1,0,18.0,f,no,no,Others,Australia,adolescents,synthetic_calibrated,0
1,0,1,1,1,0,1,1,1,1,26.0,f,no,no,White-European,Unknown,adults,uci_real,1
1,1,1,1,1,0,0,1,0,0,19.4,f,no,no,Latino,Saudi Arabia,children,synthetic_calibrated,0
1,1,1,1,0,1,0,0,0,0,5.0,m,no,yes,Latino,Unknown,children,uci_real,0
1,1,0,0,1,1,0,1,0,0,6.0,m,no,no,Others,Unknown,children,uci_real,0
0,1,0,1,1,1,1,0,1,1,9.0,m,no,yes,White-European,Unknown,children,uci_real,1
0,1,0,0,0,0,0,0,0,0,31.9,f,no,no,Others,United States,children,synthetic_calibrated,0
1,1,1,0,0,1,1,1,1,0,11.7,f,no,no,White-European,Canada,adults,synthetic_calibrated,0
0,0,1,1,0,0,0,0,0,1,34.1,f,no,no,Black,United Kingdom,children,synthetic_calibrated,0
1,1,1,1,1,1,1,1,1,1,9.0,m,yes,yes,White-European,Unknown,children,uci_real,1
0,0,0,0,0,0,0,0,0,1,11.0,m,no,yes,Turkish,Unknown,children,uci_real,0
1,0,1,0,0,0,0,1,0,0,20.5,f,no,no,Pasifika,Others,adolescents,synthetic_calibrated,0
1,1,1,1,1,0,1,0,1,0,50.9,m,no,no,Black,Canada,adolescents,synthetic_calibrated,1
1,0,0,1,0,0,0,1,0,1,31.0,f,no,no,White-European,Unknown,adults,uci_real,0
1,0,0,0,1,0,1,0,0,1,16.9,m,no,no,Black,UAE,adults,synthetic_calibrated,0
1,0,1,1,1,0,0,1,0,1,23.0,f,no,no,White-European,Unknown,adults,uci_real,0
0,1,0,1,0,0,1,0,0,0,24.0,f,no,no,Pasifika,United Kingdom,children,synthetic_calibrated,0
0,0,1,1,0,1,0,1,0,1,32.3,f,no,no,Others,New Zealand,children,synthetic_calibrated,0
1,0,1,1,1,0,1,1,0,1,29.6,m,no,no,White-European,Others,children,synthetic_calibrated,1
1,1,1,0,0,1,0,1,1,1,26.0,m,yes,no,Pasifika,Canada,adults,synthetic_calibrated,1
1,0,0,0,1,1,0,0,0,0,10.2,m,yes,no,White-European,Australia,toddlers,synthetic_calibrated,0
1,1,0,1,1,1,0,0,0,1,19.0,m,no,no,Middle Eastern,Others,adolescents,synthetic_calibrated,0
1,1,1,1,1,1,0,1,1,1,18.1,m,no,no,Asian,Others,adults,synthetic_calibrated,1
1,1,1,1,0,0,1,0,0,1,52.0,m,no,no,White-European,Unknown,adults,uci_real,0
0,0,0,1,1,1,1,1,1,1,28.8,m,no,no,Pasifika,United Kingdom,adolescents,synthetic_calibrated,1
0,0,0,0,0,0,1,1,0,0,7.5,m,no,no,South Asian,United States,adolescents,synthetic_calibrated,0
1,0,1,1,1,0,0,0,1,0,15.3,f,no,no,Black,New Zealand,toddlers,synthetic_calibrated,0
1,1,0,1,1,0,1,1,0,0,31.3,m,no,no,Hispanic,Saudi Arabia,children,synthetic_calibrated,0
1,1,1,1,1,1,0,1,0,1,37.0,f,no,no,Pasifika,United States,adults,synthetic_calibrated,1
1,0,0,1,0,0,1,0,1,1,36.9,m,no,no,South Asian,United Kingdom,adults,synthetic_calibrated,0
0,0,0,0,1,0,0,1,0,0,28.7,m,no,no,Hispanic,New Zealand,children,synthetic_calibrated,0
0,1,1,1,0,1,0,0,0,0,15.5,f,yes,no,Black,Saudi Arabia,adults,synthetic_calibrated,0
0,1,0,0,0,0,0,0,0,0,35.9,m,yes,no,Black,UAE,adolescents,synthetic_calibrated,0
1,0,1,1,1,1,0,1,1,1,1.0,m,no,no,Middle Eastern,Others,adults,synthetic_calibrated,1
1,1,0,1,0,0,0,0,1,0,39.7,m,no,no,Black,Australia,adolescents,synthetic_calibrated,0
1,1,1,1,0,0,1,1,1,1,7.0,f,no,no,Hispanic,UAE,toddlers,synthetic_calibrated,1
1,0,1,1,1,0,0,1,0,0,16.3,m,no,no,South Asian,Canada,adults,synthetic_calibrated,0
1,1,1,1,1,0,1,1,1,0,33.8,f,no,no,Latino,United Kingdom,children,synthetic_calibrated,1
0,0,1,0,0,0,1,0,1,0,5.0,m,no,no,Black,Unknown,children,uci_real,0
1,0,0,0,1,1,1,1,0,1,11.2,f,no,no,Others,United States,adolescents,synthetic_calibrated,1
1,1,1,1,1,0,0,1,0,1,28.6,m,no,no,Asian,Others,adults,synthetic_calibrated,1
1,1,1,1,1,1,1,1,0,1,1.0,m,no,no,Black,Others,adults,synthetic_calibrated,1
1,0,0,0,0,0,1,1,0,1,28.8,f,no,no,South Asian,New Zealand,children,synthetic_calibrated,0
1,0,1,1,1,1,1,1,1,1,21.4,f,no,no,Middle Eastern,United States,adults,synthetic_calibrated,1
0,0,0,0,0,0,1,1,0,1,26.6,m,yes,no,Asian,New Zealand,adults,synthetic_calibrated,0
1,1,0,1,0,0,0,0,0,0,24.4,m,no,no,South Asian,Australia,adults,synthetic_calibrated,0
1,0,1,1,1,0,1,1,1,1,1.0,f,no,no,Latino,New Zealand,adults,synthetic_calibrated,1
1,1,1,1,0,0,0,0,0,0,18.2,f,no,no,White-European,United States,toddlers,synthetic_calibrated,0
1,0,0,1,0,0,0,0,0,0,1.0,f,no,no,Asian,UAE,adults,synthetic_calibrated,0
1,0,0,0,1,0,1,1,0,0,5.0,m,no,no,'Middle Eastern ',Unknown,children,uci_real,0
1,0,1,0,1,0,1,1,0,0,6.5,m,no,no,South Asian,United States,children,synthetic_calibrated,1
1,0,0,0,0,1,1,0,0,1,7.4,m,no,no,Hispanic,United Kingdom,toddlers,synthetic_calibrated,0
1,1,1,1,1,1,0,1,1,1,25.2,m,no,no,Pasifika,Saudi Arabia,children,synthetic_calibrated,1
0,1,0,1,0,0,0,1,0,0,25.7,f,no,no,Middle Eastern,Others,adolescents,synthetic_calibrated,0
1,0,0,1,1,1,0,0,1,1,9.0,f,no,no,Asian,United States,adolescents,synthetic_calibrated,1
1,1,1,1,1,1,0,1,1,1,25.7,f,no,no,Middle Eastern,Australia,adolescents,synthetic_calibrated,1
1,1,1,1,1,1,0,1,1,1,44.3,m,no,no,Pasifika,Canada,adults,synthetic_calibrated,1
1,1,1,1,1,1,1,1,1,1,19.0,m,no,no,White-European,Unknown,adults,uci_real,1
0,0,1,1,0,0,0,0,0,0,33.6,m,no,no,South Asian,New Zealand,children,synthetic_calibrated,0
1,1,0,1,0,1,1,1,0,0,20.7,m,no,no,Pasifika,Others,children,synthetic_calibrated,0
0,1,0,1,1,1,0,0,1,1,22.2,f,no,no,Asian,New Zealand,toddlers,synthetic_calibrated,0
1,1,1,1,1,1,0,0,1,1,5.3,m,no,no,Asian,UAE,adolescents,synthetic_calibrated,1
1,1,1,0,1,1,0,1,1,1,10.4,f,no,no,White-European,Australia,children,synthetic_calibrated,1
1,1,0,1,0,0,0,1,1,1,34.4,m,no,no,White-European,New Zealand,adults,synthetic_calibrated,0
1,1,0,0,0,0,1,1,0,1,27.0,m,no,no,Latino,Others,adults,synthetic_calibrated,0
1,1,0,0,0,0,0,0,0,1,20.0,m,no,no,nan,Unknown,adults,uci_real,0
1,1,1,1,1,0,1,1,0,1,23.8,f,yes,no,Middle Eastern,UAE,adults,synthetic_calibrated,1
1,0,1,0,0,1,0,1,0,0,21.8,f,no,no,Middle Eastern,Australia,children,synthetic_calibrated,0
1,0,0,0,1,0,0,1,0,1,12.3,m,no,no,Others,United Kingdom,children,synthetic_calibrated,0
1,0,1,1,1,0,1,1,1,0,8.8,m,no,no,Black,United States,children,synthetic_calibrated,0
1,0,1,1,1,1,0,0,1,1,45.0,f,no,no,White-European,Unknown,adults,uci_real,1
1,1,1,0,1,0,1,1,1,1,14.9,f,no,no,Middle Eastern,Canada,adults,synthetic_calibrated,1
0,1,1,0,0,1,0,1,0,0,8.1,f,no,no,Asian,New Zealand,children,synthetic_calibrated,0
1,1,0,0,1,0,0,1,0,1,28.0,f,no,no,South Asian,United States,children,synthetic_calibrated,0
1,0,0,0,1,0,0,1,0,0,12.6,m,yes,no,Hispanic,Australia,children,synthetic_calibrated,0
1,1,1,1,1,1,1,1,1,1,27.3,f,no,no,Pasifika,Australia,toddlers,synthetic_calibrated,1
1,1,1,1,1,1,1,1,0,1,6.1,m,no,no,Black,Saudi Arabia,adults,synthetic_calibrated,1
1,0,0,0,1,1,0,1,0,0,6.3,f,no,no,Latino,New Zealand,adults,synthetic_calibrated,0
1,0,1,1,1,0,0,1,0,1,17.0,m,yes,no,'Middle Eastern ',Unknown,adults,uci_real,0
0,1,0,0,1,0,0,0,1,1,27.8,m,no,no,Hispanic,India,toddlers,synthetic_calibrated,0
1,1,1,1,1,1,1,1,1,0,4.0,m,no,no,White-European,Unknown,children,uci_real,1
1,0,1,0,1,0,0,1,0,1,23.0,m,no,no,'Middle Eastern ',Unknown,adults,uci_real,0
1,0,0,1,1,0,1,0,0,0,27.0,f,no,no,Asian,Unknown,adults,uci_real,0
1,0,0,1,0,0,0,1,0,0,32.7,f,no,no,Latino,UAE,children,synthetic_calibrated,0
0,0,0,0,0,0,1,0,0,1,28.0,f,no,no,White-European,Unknown,adults,uci_real,0
0,0,0,1,1,1,1,0,1,1,4.1,m,no,no,Asian,United Kingdom,children,synthetic_calibrated,0
1,1,1,1,1,0,0,1,0,1,44.9,m,no,no,Hispanic,United Kingdom,children,synthetic_calibrated,1
1,0,1,1,1,1,0,1,1,1,11.0,m,no,no,nan,Unknown,children,uci_real,1
0,0,1,1,1,0,1,0,0,1,22.0,m,no,no,White-European,Unknown,adults,uci_real,0
0,0,0,0,0,0,0,1,0,0,1.0,f,no,no,Latino,Others,adults,synthetic_calibrated,0
1,1,1,1,1,1,0,1,1,1,19.1,f,yes,no,Pasifika,New Zealand,children,synthetic_calibrated,1
1,0,1,1,1,1,1,1,1,1,12.0,m,no,no,Pasifika,Others,adults,synthetic_calibrated,1
1,1,1,1,1,1,0,1,1,1,43.8,f,yes,no,Others,Canada,adults,synthetic_calibrated,1
1,0,0,0,1,0,0,0,0,1,31.0,m,no,no,Asian,Unknown,adults,uci_real,0
1,0,1,1,1,1,1,0,0,1,2.9,f,no,no,Pasifika,Others,children,synthetic_calibrated,1
0,0,1,0,1,1,0,1,0,1,25.0,m,no,no,Asian,Unknown,adults,uci_real,0
0,1,1,1,1,0,1,1,0,1,23.0,m,no,no,Asian,Unknown,adults,uci_real,1
1,0,1,1,1,1,0,1,0,0,5.0,m,no,yes,Latino,Unknown,children,uci_real,0
0,1,0,1,0,0,0,1,0,1,33.4,f,no,no,Others,Australia,adolescents,synthetic_calibrated,0
1,1,1,1,1,0,1,1,1,1,4.0,f,no,yes,White-European,Unknown,children,uci_real,1
1,0,0,0,0,0,1,1,0,1,37.7,f,no,no,Latino,Saudi Arabia,children,synthetic_calibrated,0
1,0,1,0,1,0,1,0,0,0,37.0,m,no,no,White-European,Unknown,adults,uci_real,0
1,0,0,1,1,1,1,0,0,1,13.7,m,no,no,Pasifika,New Zealand,adults,synthetic_calibrated,1
1,1,1,1,0,0,1,0,0,1,1.2,f,no,no,Middle Eastern,UAE,adults,synthetic_calibrated,0
0,1,0,0,1,0,0,0,0,0,24.9,f,no,no,White-European,UAE,children,synthetic_calibrated,0
1,0,1,1,0,0,0,0,0,0,44.0,f,no,no,White-European,Unknown,adults,uci_real,0
1,1,0,0,1,0,1,1,0,0,26.0,m,no,no,Asian,Unknown,adults,uci_real,0
0,1,1,1,0,0,0,0,0,1,26.3,f,yes,no,White-European,Canada,adolescents,synthetic_calibrated,0
1,0,1,1,1,0,1,1,1,1,21.3,f,no,no,Asian,New Zealand,children,synthetic_calibrated,1
1,0,1,0,0,0,1,0,0,1,30.9,f,no,no,Pasifika,UAE,adults,synthetic_calibrated,0
1,0,1,0,0,0,0,0,1,0,19.2,m,no,no,White-European,Australia,children,synthetic_calibrated,0
0,0,1,0,0,1,0,1,1,0,20.2,m,no,no,Pasifika,Others,adults,synthetic_calibrated,0
0,1,1,0,0,0,0,0,0,1,16.8,m,yes,no,Middle Eastern,Others,adolescents,synthetic_calibrated,0
0,1,1,1,0,0,0,0,0,1,20.7,f,no,no,Asian,Australia,adolescents,synthetic_calibrated,0
0,0,0,0,0,0,0,0,0,0,53.9,m,yes,no,White-European,United States,children,synthetic_calibrated,0
1,1,0,0,0,0,1,0,0,1,27.0,f,no,no,Hispanic,United Kingdom,toddlers,synthetic_calibrated,0
1,0,0,1,1,0,0,1,0,0,31.7,m,no,no,Others,Others,children,synthetic_calibrated,0
1,1,0,0,1,1,1,1,1,1,6.0,f,no,yes,White-European,Unknown,children,uci_real,1
1,1,0,0,0,0,0,0,0,0,11.0,m,no,no,South Asian,Saudi Arabia,adults,synthetic_calibrated,0
1,0,0,0,0,0,0,0,0,0,17.4,f,no,no,Asian,UAE,toddlers,synthetic_calibrated,0
1,1,1,1,1,0,0,0,0,0,4.9,f,no,no,South Asian,UAE,children,synthetic_calibrated,0
1,1,0,0,0,0,1,1,0,0,36.3,f,no,no,Pasifika,United Kingdom,adults,synthetic_calibrated,0
1,1,0,0,1,0,0,1,0,0,20.0,f,no,no,nan,Unknown,adults,uci_real,0
1,0,1,1,1,1,1,1,1,1,12.7,f,no,no,Latino,United States,adolescents,synthetic_calibrated,1
0,0,1,1,1,1,0,1,0,1,14.2,m,no,no,Hispanic,New Zealand,children,synthetic_calibrated,1
1,0,0,1,0,1,0,1,1,1,6.0,m,no,no,nan,Unknown,children,uci_real,0
1,0,0,0,0,0,0,1,0,1,24.0,m,no,no,Black,Unknown,adults,uci_real,0
0,1,0,0,1,0,0,0,0,0,41.5,f,no,no,Others,Others,adolescents,synthetic_calibrated,0
0,0,0,0,0,0,1,1,0,1,2.0,m,no,no,Asian,Canada,toddlers,synthetic_calibrated,0
1,0,0,1,1,0,0,0,0,1,5.9,m,no,no,Middle Eastern,United States,adults,synthetic_calibrated,0
0,0,1,0,1,0,1,1,1,0,18.2,m,no,no,Middle Eastern,Australia,adults,synthetic_calibrated,0
1,1,1,1,0,0,0,0,0,1,7.7,f,no,no,Black,India,children,synthetic_calibrated,0
0,0,1,0,0,1,1,1,0,1,18.8,f,yes,no,South Asian,UAE,toddlers,synthetic_calibrated,0
1,1,0,1,1,1,1,0,0,1,8.0,m,no,no,White-European,Unknown,children,uci_real,1
0,1,0,0,0,0,0,1,0,1,27.3,m,no,no,Black,UAE,adults,synthetic_calibrated,0
1,1,1,1,0,1,0,1,1,1,28.5,f,yes,no,Black,Others,adolescents,synthetic_calibrated,1
1,0,0,1,1,1,1,1,1,1,28.9,f,no,no,Asian,Canada,adults,synthetic_calibrated,1
0,1,1,0,1,1,1,1,1,1,5.0,m,no,no,Asian,Unknown,children,uci_real,1
1,1,0,1,0,1,0,0,1,1,6.0,f,no,no,White-European,Unknown,children,uci_real,0
0,1,1,0,0,0,0,1,0,1,13.5,f,no,no,Middle Eastern,United States,adults,synthetic_calibrated,0
0,0,0,1,1,0,0,1,0,1,51.0,m,no,no,Black,United States,toddlers,synthetic_calibrated,0
1,1,1,1,1,0,1,1,0,0,4.0,m,no,no,White-European,Unknown,children,uci_real,1
0,0,0,0,0,0,0,1,0,1,30.0,m,no,no,White-European,Unknown,adults,uci_real,0
1,1,0,0,1,1,1,1,1,1,34.3,m,no,no,Black,Australia,toddlers,synthetic_calibrated,1
1,1,1,1,1,1,1,0,1,1,59.0,m,no,no,White-European,Unknown,adults,uci_real,1
1,1,1,1,0,0,1,0,1,0,13.4,f,yes,no,Others,Others,adults,synthetic_calibrated,0
1,1,0,0,0,1,1,1,0,1,32.0,f,no,no,White-European,Unknown,adults,uci_real,0
1,1,0,0,0,0,1,0,0,0,14.9,m,no,no,Pasifika,New Zealand,toddlers,synthetic_calibrated,0
1,1,1,1,1,0,1,1,1,1,43.0,m,yes,no,White-European,Unknown,adults,uci_real,1
1,1,1,1,1,1,1,0,1,1,60.0,f,no,no,White-European,Unknown,adults,uci_real,1
1,1,1,1,1,1,1,1,1,1,20.2,f,no,no,Hispanic,United States,adults,synthetic_calibrated,1
1,0,0,1,1,0,0,1,0,0,34.2,m,no,no,Asian,United States,adolescents,synthetic_calibrated,0
1,1,1,0,0,0,0,1,0,0,15.7,m,no,no,Middle Eastern,New Zealand,children,synthetic_calibrated,0
0,0,0,0,1,0,0,1,1,0,42.0,f,no,no,Hispanic,Canada,adolescents,synthetic_calibrated,0
0,1,0,0,1,0,0,0,0,0,52.0,f,no,no,nan,Unknown,adults,uci_real,0
0,0,1,0,1,1,1,1,0,1,12.7,m,no,no,Latino,UAE,children,synthetic_calibrated,0
0,0,1,1,1,0,0,1,0,0,16.6,m,yes,no,South Asian,India,children,synthetic_calibrated,0
0,0,0,1,0,0,1,0,0,0,10.0,m,no,no,'Middle Eastern ',Unknown,children,uci_real,0
0,0,0,1,1,0,1,1,0,1,21.0,m,no,no,Latino,Unknown,adults,uci_real,0
0,1,1,0,0,0,0,0,0,0,14.9,f,yes,no,White-European,Australia,children,synthetic_calibrated,0
0,0,0,0,0,0,0,0,0,0,12.0,f,no,no,South Asian,India,adults,synthetic_calibrated,0
0,1,0,0,1,1,0,0,1,1,10.9,m,no,no,Others,Saudi Arabia,adults,synthetic_calibrated,0
1,0,1,1,1,0,1,1,1,1,41.4,m,yes,no,Pasifika,Saudi Arabia,children,synthetic_calibrated,1
0,0,0,1,0,1,0,1,1,1,30.0,m,no,no,Asian,Unknown,adults,uci_real,0
0,1,1,1,0,1,1,1,1,0,25.6,m,no,no,Pasifika,Australia,children,synthetic_calibrated,0
1,0,0,0,0,0,1,1,0,1,16.4,f,no,no,South Asian,Canada,adults,synthetic_calibrated,0
0,1,1,0,0,0,0,1,0,1,20.7,m,yes,no,South Asian,Others,children,synthetic_calibrated,0
1,0,0,1,1,0,1,1,0,0,21.0,m,no,no,Asian,Unknown,adults,uci_real,0
0,1,1,1,1,0,1,0,0,1,33.0,m,no,no,White-European,Unknown,adults,uci_real,0
1,0,1,1,1,1,0,1,1,1,27.8,f,no,no,White-European,Others,adults,synthetic_calibrated,1
1,0,1,0,1,0,1,1,0,1,24.0,f,no,no,Asian,Unknown,adults,uci_real,0
1,1,0,0,1,1,1,0,1,1,17.5,m,yes,no,South Asian,Saudi Arabia,children,synthetic_calibrated,1
1,0,0,0,0,0,0,0,0,1,21.5,m,no,no,White-European,Canada,children,synthetic_calibrated,0
1,0,0,1,1,1,0,1,1,1,19.7,f,no,no,Black,New Zealand,children,synthetic_calibrated,1
1,0,0,0,0,0,0,1,0,0,23.0,m,no,no,Pasifika,Unknown,adults,uci_real,0
0,1,1,1,1,1,0,0,0,1,5.0,m,yes,yes,White-European,Unknown,children,uci_real,0
1,1,1,1,1,0,0,1,1,0,43.3,m,no,no,Asian,New Zealand,children,synthetic_calibrated,1
1,0,1,1,1,1,1,1,1,1,19.6,f,yes,no,White-European,United Kingdom,adolescents,synthetic_calibrated,1
1,0,1,1,1,0,1,1,1,1,40.1,m,no,no,Asian,Canada,adults,synthetic_calibrated,0
0,0,0,0,0,1,1,1,0,1,19.6,f,no,no,Middle Eastern,New Zealand,toddlers,synthetic_calibrated,0
0,1,1,1,1,0,1,0,1,1,3.6,m,yes,no,Asian,United Kingdom,toddlers,synthetic_calibrated,1
1,0,0,1,1,1,1,0,0,0,11.0,f,yes,yes,White-European,Unknown,children,uci_real,0
1,1,0,0,0,0,0,0,0,0,32.0,f,no,no,nan,Unknown,adults,uci_real,0
0,1,0,1,0,0,0,1,0,0,28.6,m,yes,no,Middle Eastern,UAE,children,synthetic_calibrated,0
0,0,1,1,0,0,0,1,0,0,17.6,f,yes,no,Latino,UAE,children,synthetic_calibrated,0
0,0,0,0,1,1,0,0,1,1,30.9,f,no,no,Others,India,adults,synthetic_calibrated,0
1,0,1,1,1,1,1,1,0,1,21.0,m,no,no,Latino,Unknown,adults,uci_real,1
0,1,1,0,0,0,0,1,0,0,36.0,m,no,no,Hispanic,United States,adults,synthetic_calibrated,0
1,0,1,1,0,1,0,0,0,1,5.0,m,no,no,nan,Unknown,children,uci_real,0
1,0,0,1,1,0,0,1,0,1,18.7,f,no,no,Asian,India,adults,synthetic_calibrated,0
0,1,0,0,1,1,0,0,0,0,1.0,m,no,no,Pasifika,New Zealand,adults,synthetic_calibrated,0
0,0,1,1,0,0,0,0,0,0,30.6,m,yes,no,Pasifika,Canada,adults,synthetic_calibrated,0
1,0,1,1,1,1,1,1,1,1,11.0,f,no,no,White-European,Unknown,children,uci_real,1
0,1,1,0,0,0,0,0,1,1,24.1,f,no,no,Black,United Kingdom,adults,synthetic_calibrated,0
1,0,1,1,1,1,1,1,1,1,36.5,f,no,no,Middle Eastern,United Kingdom,adults,synthetic_calibrated,1
1,0,0,1,1,1,0,0,1,1,12.8,f,no,no,Pasifika,Canada,children,synthetic_calibrated,0
1,1,1,0,1,1,0,0,0,1,59.4,m,no,no,Others,UAE,adults,synthetic_calibrated,1
1,0,0,1,0,0,1,0,0,0,35.8,f,no,no,Middle Eastern,India,adults,synthetic_calibrated,0
1,1,1,0,1,0,1,1,0,0,27.0,m,no,no,White-European,Unknown,adults,uci_real,0
1,1,0,1,0,0,0,0,0,0,30.8,m,no,no,Hispanic,India,children,synthetic_calibrated,0
1,1,1,1,1,1,1,1,1,1,18.4,m,no,no,Hispanic,Australia,adolescents,synthetic_calibrated,1
0,1,1,0,1,0,0,0,0,0,25.8,f,no,no,Asian,India,adults,synthetic_calibrated,0
0,0,0,0,1,1,1,0,0,0,27.3,f,no,no,Black,New Zealand,adults,synthetic_calibrated,0
1,0,1,1,1,1,1,1,1,1,25.3,m,no,no,Others,Canada,adolescents,synthetic_calibrated,1
1,0,1,1,1,0,1,1,1,1,24.0,m,no,no,White-European,Unknown,adults,uci_real,1
0,1,0,1,1,1,1,1,0,1,7.0,m,yes,no,'Middle Eastern ',Unknown,children,uci_real,1
1,1,1,1,1,0,1,0,0,1,26.6,f,no,no,Black,Australia,adults,synthetic_calibrated,1
1,1,1,0,1,1,1,0,0,1,23.9,f,no,no,Others,Others,adults,synthetic_calibrated,0
1,0,1,1,1,1,0,1,1,1,45.0,f,no,no,Middle Eastern,Others,adults,synthetic_calibrated,1
1,1,1,1,1,1,0,0,1,1,10.0,m,yes,no,White-European,Unknown,children,uci_real,1
1,0,0,0,0,0,0,1,0,1,52.0,m,yes,no,White-European,Unknown,adults,uci_real,0
1,0,0,0,1,1,0,1,0,1,38.8,f,no,no,Asian,India,adults,synthetic_calibrated,0
1,1,1,1,0,0,0,0,0,0,37.2,f,yes,no,Latino,United Kingdom,toddlers,synthetic_calibrated,0
1,0,1,1,0,1,1,1,1,1,1.0,f,yes,no,White-European,India,toddlers,synthetic_calibrated,1
1,0,1,0,1,0,1,1,0,0,23.3,f,no,no,Asian,United Kingdom,children,synthetic_calibrated,0
0,0,0,0,1,0,1,1,0,1,8.0,m,no,no,'Middle Eastern ',Unknown,children,uci_real,0
0,1,0,1,0,0,0,1,0,0,21.0,m,no,no,'Middle Eastern ',Unknown,adults,uci_real,0
1,1,0,1,0,0,0,1,0,0,31.3,f,no,no,Others,United States,children,synthetic_calibrated,0
1,0,0,0,1,0,1,1,1,1,9.3,f,no,no,Latino,UAE,adolescents,synthetic_calibrated,0
1,1,0,0,1,0,1,1,0,1,30.7,m,no,no,Middle Eastern,Saudi Arabia,toddlers,synthetic_calibrated,0
1,1,1,1,1,0,0,1,0,1,30.0,m,no,no,Others,Unknown,adults,uci_real,1
0,0,1,0,0,0,0,0,1,1,13.4,m,no,no,Latino,UAE,children,synthetic_calibrated,0
1,1,0,0,0,0,0,1,0,1,35.4,f,no,no,Middle Eastern,UAE,adults,synthetic_calibrated,0
1,0,1,0,0,0,1,0,0,0,1.0,m,no,no,Latino,Australia,adolescents,synthetic_calibrated,0
1,1,0,0,0,0,1,1,0,0,48.0,m,no,no,White-European,Unknown,adults,uci_real,0
0,1,1,0,0,1,1,0,1,1,5.0,m,no,no,Asian,Unknown,children,uci_real,0
0,0,0,0,0,0,0,0,0,0,29.8,f,no,no,Others,Saudi Arabia,adolescents,synthetic_calibrated,0
1,0,0,0,1,0,1,1,0,1,28.8,m,no,no,Asian,Saudi Arabia,adults,synthetic_calibrated,0
1,1,1,0,1,0,1,1,1,1,20.0,m,no,no,nan,Unknown,adults,uci_real,1
1,0,1,1,1,1,1,1,1,1,24.6,m,no,no,Black,Australia,adults,synthetic_calibrated,1
0,1,0,0,0,0,0,0,0,1,30.3,m,no,no,Black,United States,toddlers,synthetic_calibrated,0
1,1,0,1,1,0,1,1,0,1,18.0,m,no,no,White-European,Unknown,adults,uci_real,1
0,0,0,0,1,1,0,0,1,0,23.8,m,no,no,White-European,Saudi Arabia,adolescents,synthetic_calibrated,0
0,1,1,0,0,0,1,1,0,0,35.2,m,no,no,White-European,Saudi Arabia,adults,synthetic_calibrated,0
0,1,1,1,0,0,1,0,1,0,25.6,f,no,no,Others,UAE,adolescents,synthetic_calibrated,0
1,0,0,1,0,0,0,0,0,0,54.0,f,no,no,White-European,Unknown,adults,uci_real,0
1,0,1,1,1,1,1,0,1,1,17.3,m,yes,no,Latino,United Kingdom,children,synthetic_calibrated,1
0,0,0,0,1,1,1,0,0,0,2.2,m,no,no,Pasifika,Australia,children,synthetic_calibrated,0
1,0,1,0,1,1,1,0,1,1,13.2,m,no,no,Middle Eastern,United Kingdom,children,synthetic_calibrated,1
1,0,0,0,1,1,1,1,1,1,10.0,m,yes,no,White-European,Unknown,children,uci_real,1
0,0,1,1,0,0,1,1,1,0,21.1,f,no,no,Black,UAE,children,synthetic_calibrated,0
1,0,0,0,0,0,1,1,0,0,31.0,m,no,no,Asian,Unknown,adults,uci_real,0
1,0,0,0,1,0,1,1,0,1,26.0,m,no,no,Middle Eastern,Australia,children,synthetic_calibrated,0
1,1,0,0,0,0,0,1,0,0,34.9,m,no,no,Black,United Kingdom,adults,synthetic_calibrated,0
0,1,1,1,1,1,1,0,0,1,1.0,m,yes,no,Latino,Australia,children,synthetic_calibrated,1
0,0,1,1,0,0,0,0,1,1,34.6,m,no,no,Middle Eastern,New Zealand,adults,synthetic_calibrated,0
1,0,0,1,1,1,0,0,0,0,47.0,m,no,no,'Middle Eastern ',Unknown,adults,uci_real,0
1,1,0,0,0,0,0,1,0,0,44.0,m,no,no,Black,Unknown,adults,uci_real,0
1,0,0,0,0,0,0,0,0,0,19.0,f,no,no,nan,Unknown,adults,uci_real,0
0,1,1,0,0,1,0,0,0,0,1.0,f,yes,no,Pasifika,New Zealand,adults,synthetic_calibrated,0
1,0,0,0,1,0,1,1,0,0,14.8,m,no,no,South Asian,United Kingdom,adults,synthetic_calibrated,0
1,0,0,1,0,0,0,0,0,0,21.0,m,no,no,White-European,Unknown,adults,uci_real,0
0,0,0,0,0,0,0,1,0,0,45.0,f,no,no,Asian,Unknown,adults,uci_real,0
1,1,1,1,1,1,0,1,1,1,2.0,m,no,no,Others,India,toddlers,synthetic_calibrated,1
0,1,1,1,0,1,0,0,0,0,14.3,m,no,no,Pasifika,Others,adolescents,synthetic_calibrated,0
1,0,1,1,1,1,0,1,1,1,17.1,f,no,no,Latino,United Kingdom,adults,synthetic_calibrated,1
1,0,0,0,1,0,0,0,0,0,30.1,m,no,no,White-European,Saudi Arabia,adolescents,synthetic_calibrated,0
0,0,0,0,0,0,0,0,0,0,42.8,m,yes,no,Middle Eastern,UAE,adults,synthetic_calibrated,0
0,1,1,0,0,0,0,1,0,0,45.5,f,no,no,Others,UAE,adults,synthetic_calibrated,0
1,0,0,1,1,0,0,0,0,0,7.2,m,no,no,Hispanic,Australia,adults,synthetic_calibrated,0
0,1,0,0,0,1,1,1,0,0,11.0,m,no,no,Asian,Unknown,children,uci_real,0
0,1,0,0,0,0,1,1,0,1,23.1,f,no,no,Others,United States,adults,synthetic_calibrated,0
0,0,0,1,1,0,0,0,1,0,5.6,m,no,no,Asian,Canada,children,synthetic_calibrated,0
1,0,1,1,0,1,0,1,0,1,27.0,f,no,no,'South Asian',Unknown,adults,uci_real,0
1,1,0,1,0,0,0,0,0,0,45.3,f,no,no,Asian,India,adults,synthetic_calibrated,0
0,1,1,1,1,1,1,1,1,1,7.0,m,yes,yes,White-European,Unknown,children,uci_real,1
1,1,1,1,1,1,0,1,1,1,23.4,m,no,no,White-European,United Kingdom,children,synthetic_calibrated,1
1,1,0,0,0,0,0,0,0,0,22.0,f,no,no,'Middle Eastern ',Unknown,adults,uci_real,0
0,1,1,0,0,1,0,0,1,1,24.0,m,no,no,Asian,Unknown,adults,uci_real,0
1,0,1,1,1,1,1,0,1,1,1.0,m,no,no,Black,Australia,adults,synthetic_calibrated,1
0,1,1,0,0,0,0,0,0,0,32.2,m,no,no,Others,UAE,adults,synthetic_calibrated,0
1,0,1,1,1,1,0,1,1,0,28.2,m,no,no,Black,United States,children,synthetic_calibrated,1
1,1,1,1,1,1,1,0,1,1,23.5,m,yes,no,Hispanic,Canada,adolescents,synthetic_calibrated,1
1,0,0,0,0,0,0,0,0,1,24.0,f,no,no,Pasifika,UAE,adults,synthetic_calibrated,0
1,1,0,0,0,0,0,1,1,0,28.1,f,no,no,Asian,Canada,adults,synthetic_calibrated,0
1,0,0,0,0,0,0,1,0,1,25.3,m,no,no,Black,United Kingdom,toddlers,synthetic_calibrated,0
1,0,0,0,0,0,0,0,0,0,32.9,m,no,no,Latino,Canada,children,synthetic_calibrated,0
1,0,0,1,0,0,0,1,0,1,22.0,m,no,no,'Middle Eastern ',Unknown,adults,uci_real,0
1,0,1,0,0,0,0,1,0,1,22.8,f,no,no,Asian,UAE,children,synthetic_calibrated,0
1,1,1,0,1,1,0,1,1,1,42.2,f,no,no,Latino,UAE,children,synthetic_calibrated,1
1,1,1,1,1,1,1,1,0,1,28.4,m,no,no,White-European,United States,children,synthetic_calibrated,1
0,1,1,0,0,1,1,0,1,1,31.4,f,no,no,Others,United Kingdom,adults,synthetic_calibrated,0
1,0,1,1,1,0,1,1,0,0,43.5,f,no,no,Middle Eastern,New Zealand,adults,synthetic_calibrated,0
0,0,0,1,1,1,1,1,0,1,25.2,m,no,no,White-European,Saudi Arabia,adults,synthetic_calibrated,0
1,0,1,1,0,0,1,0,0,1,3.0,m,no,no,Hispanic,India,children,synthetic_calibrated,0
1,1,1,1,1,0,1,1,1,1,10.4,m,no,no,Hispanic,United States,adults,synthetic_calibrated,1
0,1,1,1,0,0,0,0,0,0,38.0,m,no,no,nan,Unknown,adults,uci_real,0
1,1,1,0,1,1,1,0,1,1,6.0,m,no,no,Others,Others,adolescents,synthetic_calibrated,1
0,0,0,0,1,0,0,1,0,1,25.5,m,no,no,Pasifika,UAE,toddlers,synthetic_calibrated,0
1,1,1,0,0,0,0,1,0,1,18.0,f,no,no,White-European,Unknown,adults,uci_real,0
1,0,1,1,1,1,0,0,1,1,22.0,f,no,no,nan,Unknown,adults,uci_real,1
1,1,1,1,1,1,0,1,1,0,5.5,f,no,no,Pasifika,Australia,adults,synthetic_calibrated,1
0,1,1,1,0,0,0,1,0,0,41.4,m,no,no,Hispanic,Australia,children,synthetic_calibrated,0
1,1,1,0,1,1,1,1,0,1,12.2,m,yes,no,Others,United States,children,synthetic_calibrated,1
0,1,0,0,1,1,0,0,1,0,22.1,m,no,no,Latino,Canada,children,synthetic_calibrated,0
0,1,1,1,1,0,1,0,1,0,22.0,m,no,no,'Middle Eastern ',Unknown,adults,uci_real,0
1,0,1,1,1,1,1,1,1,1,1.0,m,no,no,Hispanic,India,adults,synthetic_calibrated,1
1,1,1,1,0,0,1,1,1,1,17.4,m,no,no,South Asian,United States,children,synthetic_calibrated,1
0,1,1,1,0,0,0,0,1,1,33.5,m,no,no,Black,Saudi Arabia,adults,synthetic_calibrated,0
1,1,0,0,0,0,0,1,0,1,16.1,m,yes,no,South Asian,Canada,adults,synthetic_calibrated,0
1,1,0,1,0,0,1,1,0,1,33.0,f,no,no,White-European,Canada,adults,synthetic_calibrated,0
1,1,0,0,0,0,1,0,0,1,30.5,f,yes,no,Hispanic,UAE,children,synthetic_calibrated,0
1,1,1,1,1,1,1,1,1,1,33.1,f,no,no,South Asian,Others,children,synthetic_calibrated,1
1,1,1,1,0,1,0,1,1,1,37.0,m,no,no,White-European,Unknown,adults,uci_real,1
1,0,1,1,1,0,0,0,0,1,11.8,f,no,no,Others,UAE,adults,synthetic_calibrated,0
1,0,0,0,1,0,0,0,0,1,25.2,f,no,no,South Asian,United States,toddlers,synthetic_calibrated,0
0,0,0,0,0,1,1,0,0,0,20.2,f,no,no,Black,UAE,adults,synthetic_calibrated,0
1,0,0,0,1,1,1,1,0,0,17.1,m,no,no,Hispanic,Australia,adults,synthetic_calibrated,0
1,1,0,0,0,0,1,0,1,1,30.2,f,no,no,Others,India,children,synthetic_calibrated,0
0,0,0,1,1,1,0,0,1,0,21.1,m,no,no,Hispanic,India,children,synthetic_calibrated,0
1,1,0,0,1,0,0,1,0,0,33.0,m,no,no,Turkish,Unknown,adults,uci_real,0
1,1,1,1,1,0,1,1,1,0,35.0,m,yes,no,White-European,Unknown,adults,uci_real,1
1,0,1,1,1,1,0,1,0,0,2.0,m,no,no,Asian,United Kingdom,adolescents,synthetic_calibrated,1
1,0,0,1,1,1,1,0,0,0,19.0,f,no,no,Asian,Unknown,adults,uci_real,0
1,1,0,1,1,0,1,1,0,1,26.2,m,no,no,White-European,UAE,toddlers,synthetic_calibrated,1
1,1,1,1,1,1,0,1,1,1,27.0,f,no,no,White-European,Unknown,adults,uci_real,1
0,0,0,1,1,1,1,1,0,1,27.5,f,yes,no,Asian,New Zealand,adults,synthetic_calibrated,0
1,1,1,1,1,1,1,1,0,0,13.9,m,no,no,Middle Eastern,Canada,children,synthetic_calibrated,1
0,0,0,0,1,0,0,0,0,1,37.0,f,no,no,Asian,UAE,children,synthetic_calibrated,0
1,0,0,1,0,1,1,1,0,0,24.4,m,yes,no,Black,Australia,toddlers,synthetic_calibrated,1
1,1,1,1,0,0,1,1,0,0,25.0,m,no,no,'South Asian',Unknown,adults,uci_real,0
1,1,1,0,1,0,1,1,1,1,31.0,m,no,no,Latino,Unknown,adults,uci_real,1
1,1,1,0,1,1,0,1,1,0,25.9,f,yes,no,Others,New Zealand,toddlers,synthetic_calibrated,0
1,1,1,1,1,1,1,1,1,1,19.0,f,no,no,White-European,Unknown,adults,uci_real,1
1,0,1,1,1,1,1,0,1,1,4.0,f,no,no,White-European,Unknown,children,uci_real,1
1,0,1,1,0,0,0,0,1,0,14.4,m,no,no,Asian,Australia,adults,synthetic_calibrated,0
1,0,0,1,1,1,1,1,1,1,10.0,m,no,no,White-European,Unknown,children,uci_real,1
1,0,1,1,0,0,1,1,0,0,28.0,m,no,no,Latino,Unknown,adults,uci_real,0
0,0,0,1,0,0,0,1,0,0,32.4,f,no,no,Black,UAE,adults,synthetic_calibrated,0
0,0,0,1,0,0,1,1,1,1,27.0,m,no,no,'Middle Eastern ',Unknown,adults,uci_real,0
1,0,0,1,0,1,0,1,1,1,27.1,m,no,no,White-European,Canada,adults,synthetic_calibrated,1
1,1,1,1,1,0,0,1,1,1,23.1,f,no,no,South Asian,Others,children,synthetic_calibrated,1
0,1,1,0,1,1,0,0,0,1,4.0,m,yes,no,nan,Unknown,children,uci_real,0
1,1,1,1,1,1,1,1,1,1,6.0,m,no,no,White-European,Unknown,children,uci_real,1
0,0,0,0,0,1,1,1,0,0,27.9,m,yes,no,Pasifika,New Zealand,toddlers,synthetic_calibrated,0
1,0,0,0,0,0,1,1,1,0,18.0,m,no,no,White-European,Unknown,adults,uci_real,0
0,0,0,0,1,0,0,1,0,1,13.4,m,no,no,Others,Saudi Arabia,adults,synthetic_calibrated,0
1,1,1,1,1,1,0,0,1,1,6.0,m,no,no,White-European,Unknown,children,uci_real,1
0,0,1,1,1,0,0,0,0,0,28.3,m,no,no,South Asian,United Kingdom,children,synthetic_calibrated,0
1,0,1,1,1,1,1,0,0,1,4.0,m,no,no,Latino,Unknown,children,uci_real,1
1,0,0,1,0,0,0,1,0,0,54.2,m,no,no,Hispanic,Others,children,synthetic_calibrated,0
1,0,0,1,1,0,0,0,0,1,1.0,f,no,no,Middle Eastern,United Kingdom,adolescents,synthetic_calibrated,0
0,0,0,0,1,0,0,1,0,0,31.0,f,no,no,nan,Unknown,adults,uci_real,0
1,1,0,0,1,0,1,1,0,1,12.1,m,no,no,South Asian,Australia,children,synthetic_calibrated,0
0,1,0,1,0,0,0,1,0,0,39.3,m,no,no,South Asian,Australia,adults,synthetic_calibrated,0
1,1,1,0,1,1,1,0,0,0,10.0,f,no,no,Pasifika,United Kingdom,adolescents,synthetic_calibrated,0
1,1,1,1,1,1,1,1,0,1,15.7,m,no,no,Asian,New Zealand,adolescents,synthetic_calibrated,1
1,0,0,0,1,0,0,1,0,0,6.7,m,no,no,Pasifika,UAE,toddlers,synthetic_calibrated,0
0,1,1,1,1,0,0,1,0,0,29.3,m,no,no,Hispanic,UAE,children,synthetic_calibrated,0
1,0,1,1,1,0,0,0,1,1,21.0,m,no,no,'Middle Eastern ',Unknown,adults,uci_real,0
1,1,1,1,0,1,0,1,0,1,15.0,f,no,no,Hispanic,Saudi Arabia,children,synthetic_calibrated,0
1,0,0,0,1,1,0,0,1,1,8.6,f,no,no,Latino,UAE,adults,synthetic_calibrated,0
1,1,1,1,0,1,0,0,0,1,4.0,m,no,no,White-European,Unknown,children,uci_real,0
1,1,1,1,1,0,0,0,0,0,25.9,m,yes,no,Hispanic,New Zealand,toddlers,synthetic_calibrated,0
1,1,1,1,1,1,1,1,1,1,39.4,f,no,no,Latino,United States,children,synthetic_calibrated,1
0,1,0,1,0,0,0,0,0,0,29.0,f,no,no,nan,Unknown,adults,uci_real,0
1,0,1,1,1,1,1,1,0,1,8.0,m,no,no,White-European,Unknown,children,uci_real,1
0,1,0,1,0,0,0,0,0,0,48.0,m,no,no,South Asian,Canada,toddlers,synthetic_calibrated,0
1,0,1,1,1,1,1,1,1,1,38.0,m,no,no,White-European,Unknown,adults,uci_real,1
0,0,1,1,1,0,0,1,0,0,25.6,f,no,no,Latino,Canada,adolescents,synthetic_calibrated,0
1,0,0,0,1,0,1,0,0,1,8.0,m,yes,no,White-European,Unknown,children,uci_real,0
1,0,0,0,0,0,1,1,0,0,26.4,m,no,no,Pasifika,UAE,adults,synthetic_calibrated,0
0,0,0,0,0,0,0,0,1,1,29.0,m,yes,no,South Asian,United States,children,synthetic_calibrated,0
1,1,1,1,1,1,0,1,1,1,29.0,f,no,no,White-European,Unknown,adults,uci_real,1
1,1,1,1,0,1,0,1,1,1,26.3,f,no,no,South Asian,United Kingdom,children,synthetic_calibrated,1
0,1,1,0,0,1,0,0,1,1,2.6,f,no,no,Others,Saudi Arabia,adults,synthetic_calibrated,0
1,1,0,0,1,0,1,1,1,0,4.9,m,yes,no,Latino,Canada,adolescents,synthetic_calibrated,0
1,0,0,1,0,0,0,1,0,0,37.2,f,no,no,Latino,United Kingdom,toddlers,synthetic_calibrated,0
0,0,1,1,1,0,1,1,0,1,21.4,f,no,no,White-European,India,toddlers,synthetic_calibrated,1
0,0,1,1,1,1,0,1,0,1,7.8,f,yes,no,White-European,Others,adults,synthetic_calibrated,0
1,0,0,0,0,0,1,1,0,1,24.1,f,no,no,Middle Eastern,United Kingdom,adolescents,synthetic_calibrated,0
0,0,1,1,0,0,0,1,0,1,31.0,f,no,no,South Asian,Saudi Arabia,toddlers,synthetic_calibrated,0
1,0,0,1,0,1,0,1,0,0,37.2,f,no,no,Latino,United Kingdom,children,synthetic_calibrated,0
1,0,1,0,1,0,1,1,0,1,22.0,f,no,no,Asian,Unknown,adults,uci_real,0
0,0,0,0,1,0,0,1,1,0,38.8,m,no,no,Hispanic,United Kingdom,toddlers,synthetic_calibrated,0
1,0,1,1,1,0,1,1,1,1,43.1,f,no,no,Black,Others,children,synthetic_calibrated,1
1,0,1,1,1,1,0,1,1,1,28.9,f,yes,no,Latino,Saudi Arabia,adults,synthetic_calibrated,1
0,1,0,1,0,0,0,0,1,0,31.3,f,no,no,Others,United Kingdom,adults,synthetic_calibrated,0
0,0,0,0,0,0,0,0,0,1,33.5,f,no,no,Latino,Australia,children,synthetic_calibrated,0
0,1,1,1,1,1,1,1,1,1,4.0,m,yes,no,White-European,Unknown,children,uci_real,1
0,1,1,1,0,1,0,1,0,0,19.0,f,no,no,nan,Unknown,adults,uci_real,0
1,1,1,0,0,0,0,1,0,0,16.5,f,no,no,South Asian,India,adults,synthetic_calibrated,0
1,0,1,1,1,1,1,1,1,1,11.8,m,yes,no,Black,Australia,children,synthetic_calibrated,1
0,0,1,0,0,0,0,0,0,0,29.7,f,no,no,Others,Saudi Arabia,children,synthetic_calibrated,0
1,0,1,1,1,1,1,1,0,1,22.9,f,no,no,Latino,United Kingdom,adults,synthetic_calibrated,1
1,0,0,0,1,0,1,1,0,0,21.0,m,no,no,Asian,United States,adults,synthetic_calibrated,0
1,1,1,1,1,1,0,0,0,1,10.9,f,no,no,Asian,United Kingdom,toddlers,synthetic_calibrated,1
1,1,1,1,1,0,1,1,1,1,36.8,m,no,no,Pasifika,United Kingdom,adults,synthetic_calibrated,1
0,1,0,1,0,1,0,0,1,0,18.7,m,no,no,Middle Eastern,Saudi Arabia,adults,synthetic_calibrated,0
1,0,1,1,1,1,1,1,0,1,20.0,f,no,no,Others,Unknown,adults,uci_real,1
1,1,0,1,1,1,0,1,1,1,36.2,f,no,no,South Asian,Others,adults,synthetic_calibrated,1
0,1,0,0,0,0,0,1,1,1,27.0,m,no,no,Asian,Unknown,adults,uci_real,0
1,0,0,0,1,0,1,1,0,0,27.0,f,no,no,Asian,Unknown,adults,uci_real,0
0,0,0,0,1,0,0,0,0,0,21.4,f,yes,no,Middle Eastern,Canada,toddlers,synthetic_calibrated,0
1,0,1,1,0,1,1,1,0,0,41.3,f,yes,no,Middle Eastern,New Zealand,toddlers,synthetic_calibrated,0
1,0,1,1,1,0,1,1,1,1,1.1,m,no,no,White-European,UAE,toddlers,synthetic_calibrated,1
1,0,0,0,1,0,1,0,0,0,15.4,m,no,no,Latino,United Kingdom,children,synthetic_calibrated,0
1,0,0,0,0,0,0,1,1,1,30.3,f,no,no,Asian,New Zealand,adolescents,synthetic_calibrated,0
0,0,1,0,1,0,0,0,0,1,31.6,m,no,no,Others,New Zealand,children,synthetic_calibrated,0
1,0,0,1,0,1,0,1,0,1,7.2,m,no,no,Black,Australia,adolescents,synthetic_calibrated,0
0,1,1,0,0,0,1,1,1,1,43.7,m,no,no,Hispanic,United Kingdom,adults,synthetic_calibrated,0
1,0,0,0,0,0,0,1,0,0,23.0,f,no,no,nan,Unknown,adults,uci_real,0
1,0,0,1,1,1,1,1,0,1,33.9,m,no,no,Latino,United States,children,synthetic_calibrated,1
1,1,0,0,1,0,1,1,0,1,30.8,f,no,no,Latino,New Zealand,children,synthetic_calibrated,1
1,1,1,1,1,1,1,0,1,0,2.1,f,no,no,Black,New Zealand,children,synthetic_calibrated,1
1,1,1,0,0,0,0,1,0,1,18.7,f,no,no,Black,New Zealand,adults,synthetic_calibrated,0
1,0,0,0,0,0,0,0,0,0,32.2,f,no,no,Hispanic,United Kingdom,children,synthetic_calibrated,0
1,0,1,1,1,0,0,0,0,1,12.7,m,no,no,Others,Saudi Arabia,children,synthetic_calibrated,0
0,0,1,1,1,1,1,1,1,1,19.4,f,no,no,Others,Saudi Arabia,toddlers,synthetic_calibrated,1
1,0,0,0,0,0,1,1,0,0,19.2,m,no,no,Pasifika,United Kingdom,adults,synthetic_calibrated,0
1,1,1,1,1,1,1,0,1,1,26.2,f,no,no,South Asian,India,toddlers,synthetic_calibrated,1
1,1,1,1,0,1,0,1,0,1,nan,m,yes,no,nan,Unknown,children,uci_real,1
1,1,0,1,1,1,0,1,1,1,42.0,f,yes,no,Latino,Unknown,adults,uci_real,1
1,1,1,0,1,1,1,1,1,1,19.4,m,yes,no,Asian,India,adolescents,synthetic_calibrated,1
0,1,0,0,0,0,0,1,0,0,29.3,m,no,no,Asian,United Kingdom,adults,synthetic_calibrated,0
1,0,0,1,0,1,1,1,1,1,8.0,m,no,no,Other,Egypt,child,uci_real,1
0,0,1,1,0,0,0,0,1,0,27.6,f,no,no,White-European,UAE,toddlers,synthetic_calibrated,0
1,1,1,1,1,0,1,1,1,1,36.0,m,yes,no,Others,Unknown,adults,uci_real,1
1,1,1,1,1,1,1,0,1,1,17.0,m,yes,no,Asian,Unknown,adults,uci_real,1
1,0,1,0,1,1,0,1,0,1,1.0,m,no,no,Middle Eastern,United States,children,synthetic_calibrated,1
0,1,1,0,0,1,0,0,0,1,25.0,f,no,no,Latino,Others,children,synthetic_calibrated,0
1,0,0,0,1,0,1,0,0,1,35.0,m,no,no,'Middle Eastern ',Unknown,adults,uci_real,0
1,0,0,1,1,0,0,1,0,0,31.3,m,no,no,White-European,Others,adults,synthetic_calibrated,0
1,1,1,1,1,1,1,1,1,1,53.0,m,no,no,White-European,Unknown,adults,uci_real,1
0,1,1,1,0,0,1,1,1,1,4.9,m,no,no,White-European,United Kingdom,adults,synthetic_calibrated,1
0,0,1,1,1,1,1,1,0,0,8.0,m,no,no,White-European,Unknown,children,uci_real,0
0,0,0,1,0,0,0,1,0,1,26.0,f,no,no,South Asian,United Kingdom,children,synthetic_calibrated,0
1,0,0,0,1,0,1,0,0,1,21.9,f,no,no,Middle Eastern,United Kingdom,children,synthetic_calibrated,0
1,0,0,0,0,0,1,1,1,1,23.4,f,no,no,Black,New Zealand,children,synthetic_calibrated,0
0,0,0,0,0,0,0,1,0,0,22.0,f,yes,no,Asian,Unknown,adults,uci_real,0
0,0,1,0,1,0,0,0,0,1,26.1,m,no,no,Asian,Others,adolescents,synthetic_calibrated,0
1,0,1,1,1,1,1,1,0,1,34.7,f,no,no,Hispanic,UAE,children,synthetic_calibrated,1
1,0,1,1,1,1,1,0,0,0,28.8,f,yes,no,White-European,Others,adults,synthetic_calibrated,0
0,0,1,1,0,0,0,1,1,1,43.6,m,no,no,Latino,Others,adolescents,synthetic_calibrated,0
0,1,0,0,1,0,0,1,0,1,29.0,f,no,no,'South Asian',Unknown,adults,uci_real,0
1,1,1,1,1,1,1,1,0,1,32.7,f,no,no,Hispanic,New Zealand,children,synthetic_calibrated,1
1,1,0,1,1,0,1,0,0,1,11.7,m,no,no,Black,Canada,adults,synthetic_calibrated,0
1,1,0,0,1,0,1,1,0,1,21.8,m,no,no,Latino,United Kingdom,toddlers,synthetic_calibrated,1
0,0,0,0,1,0,1,1,0,0,26.5,m,no,no,Hispanic,Canada,toddlers,synthetic_calibrated,0
0,0,0,0,1,0,1,0,0,0,20.9,m,no,no,Hispanic,United Kingdom,adolescents,synthetic_calibrated,0
1,0,1,1,1,0,0,0,1,1,9.9,f,no,no,Black,New Zealand,children,synthetic_calibrated,0
0,1,1,1,0,1,0,1,1,1,4.0,m,no,no,Asian,Unknown,children,uci_real,1
0,1,1,0,0,0,1,1,0,1,33.5,f,no,no,Asian,Canada,adults,synthetic_calibrated,0
1,1,1,1,0,0,1,1,1,0,30.0,m,no,no,Others,Unknown,adults,uci_real,1
1,1,1,1,1,1,0,0,0,0,12.1,m,yes,no,Asian,United States,children,synthetic_calibrated,0
1,0,1,1,1,1,1,0,1,1,8.1,f,no,no,Latino,United Kingdom,children,synthetic_calibrated,1
0,1,1,1,1,1,0,1,1,1,36.4,m,yes,no,Pasifika,India,children,synthetic_calibrated,1
0,1,0,0,0,0,1,0,0,0,1.0,m,no,no,Pasifika,Saudi Arabia,adults,synthetic_calibrated,0
0,1,1,0,1,1,0,0,0,1,27.3,m,no,no,White-European,United Kingdom,children,synthetic_calibrated,0
1,1,0,1,1,1,1,0,1,1,28.8,m,no,no,Asian,Saudi Arabia,adolescents,synthetic_calibrated,1
1,0,0,1,1,1,1,0,0,1,1.0,m,no,no,White-European,New Zealand,adolescents,synthetic_calibrated,0
0,1,1,1,1,0,1,0,0,1,21.3,f,no,no,South Asian,Australia,adults,synthetic_calibrated,1
1,0,0,1,0,0,0,0,0,1,25.1,m,no,no,Others,Saudi Arabia,toddlers,synthetic_calibrated,0
1,0,0,0,0,0,1,1,0,1,22.0,m,no,no,nan,Unknown,adults,uci_real,0
0,1,1,1,1,1,1,1,1,1,12.2,f,yes,no,Pasifika,United Kingdom,children,synthetic_calibrated,1
1,0,1,1,0,0,0,0,0,0,37.4,m,no,no,South Asian,Canada,adults,synthetic_calibrated,0
1,1,1,1,1,0,0,1,1,1,20.0,m,no,no,Others,United States,adults,synthetic_calibrated,1
0,1,0,1,0,0,0,0,0,0,24.0,m,no,no,'Middle Eastern ',Unknown,adults,uci_real,0
1,0,0,0,0,0,0,1,0,1,19.6,m,no,no,South Asian,UAE,adults,synthetic_calibrated,0
0,0,1,1,0,0,0,1,1,1,41.7,f,no,no,Black,Others,toddlers,synthetic_calibrated,0
0,0,0,0,0,0,0,0,0,0,31.0,f,no,no,White-European,Unknown,adults,uci_real,0
1,1,0,1,0,0,0,1,0,0,52.7,f,no,no,Black,Australia,adults,synthetic_calibrated,0
1,1,1,1,1,1,0,1,1,1,30.0,f,no,no,Asian,Unknown,adults,uci_real,1
1,0,1,1,1,1,0,0,1,0,55.6,m,no,no,Others,New Zealand,children,synthetic_calibrated,1
1,1,1,1,0,0,0,1,0,0,35.7,f,yes,no,White-European,Saudi Arabia,adults,synthetic_calibrated,0
1,0,0,1,1,0,0,1,0,1,36.1,f,no,no,White-European,United States,adolescents,synthetic_calibrated,0
1,1,0,0,0,0,1,1,0,1,9.3,m,no,no,Middle Eastern,Australia,adults,synthetic_calibrated,0
1,0,0,1,0,0,0,0,0,0,26.7,m,no,no,Pasifika,Canada,toddlers,synthetic_calibrated,0
1,0,1,1,0,0,0,0,0,1,17.0,f,no,no,White-European,Unknown,adults,uci_real,0
0,1,0,1,0,0,0,0,0,1,14.9,f,no,no,Pasifika,Australia,adults,synthetic_calibrated,0
1,1,0,0,0,0,0,0,0,0,45.0,f,yes,no,nan,Unknown,adults,uci_real,0
0,1,0,0,0,0,0,1,1,0,14.8,m,yes,no,Middle Eastern,Canada,children,synthetic_calibrated,0
1,1,1,1,1,1,0,0,1,1,35.6,m,no,no,Middle Eastern,Canada,children,synthetic_calibrated,1
1,0,0,0,1,0,0,0,1,0,30.0,m,no,no,nan,Unknown,adults,uci_real,0
1,0,0,1,0,1,0,1,0,0,32.5,f,no,no,Others,Australia,adults,synthetic_calibrated,0
0,1,0,0,0,0,0,0,0,0,45.0,f,no,no,Middle Eastern,Australia,adults,synthetic_calibrated,0
1,1,0,0,1,0,0,0,0,0,38.0,f,yes,no,Hispanic,United Kingdom,adults,synthetic_calibrated,0
0,0,0,1,0,0,1,0,1,1,11.6,f,no,no,Pasifika,United States,children,synthetic_calibrated,0
1,1,0,0,0,0,0,0,0,0,17.0,m,no,no,White-European,Unknown,adults,uci_real,0
1,1,0,1,1,1,1,1,1,1,11.8,m,no,no,Latino,United States,children,synthetic_calibrated,1
0,0,0,0,0,1,0,1,1,0,23.0,m,no,no,Asian,Unknown,adults,uci_real,0
0,0,1,1,0,1,0,0,1,0,15.3,m,no,no,Hispanic,Others,toddlers,synthetic_calibrated,0
1,0,0,1,0,0,0,1,0,0,20.0,m,no,no,Middle Eastern,Saudi Arabia,adults,synthetic_calibrated,0
1,0,1,1,1,1,1,0,1,1,37.7,f,no,no,Asian,Saudi Arabia,adolescents,synthetic_calibrated,1
1,0,1,1,1,1,1,0,0,1,13.6,f,no,no,Middle Eastern,Saudi Arabia,toddlers,synthetic_calibrated,0
1,0,1,1,1,1,0,1,1,1,18.7,f,no,no,Others,United Kingdom,adults,synthetic_calibrated,1
1,1,1,1,1,1,1,0,1,1,27.7,m,yes,no,Black,United Kingdom,toddlers,synthetic_calibrated,1
1,0,0,1,1,0,0,0,0,0,29.4,m,no,no,Others,United States,adults,synthetic_calibrated,0
1,0,1,1,1,1,1,1,1,1,4.0,m,no,yes,White-European,Unknown,children,uci_real,1
1,0,0,0,0,0,0,1,0,0,39.4,f,yes,no,Hispanic,Saudi Arabia,children,synthetic_calibrated,0
1,0,1,1,0,0,1,0,0,1,8.2,m,no,no,South Asian,India,children,synthetic_calibrated,0
1,0,0,1,1,0,1,1,0,0,1.3,m,no,no,Hispanic,Australia,adults,synthetic_calibrated,0
1,1,0,1,0,0,0,1,0,1,14.8,f,no,no,Hispanic,Australia,children,synthetic_calibrated,0
1,0,0,0,1,0,1,1,1,1,29.9,f,no,no,Hispanic,India,toddlers,synthetic_calibrated,0
1,1,0,0,0,0,1,0,0,1,25.9,f,no,no,White-European,United Kingdom,children,synthetic_calibrated,0
1,1,1,1,1,1,0,0,0,0,10.8,f,no,no,Asian,New Zealand,toddlers,synthetic_calibrated,0
0,0,0,0,0,0,1,0,0,1,29.4,f,no,no,White-European,New Zealand,adults,synthetic_calibrated,0
1,1,1,0,1,1,1,1,1,1,6.1,f,no,no,Asian,United Kingdom,adults,synthetic_calibrated,1
0,0,0,1,0,1,0,1,0,1,21.6,m,no,no,Pasifika,India,children,synthetic_calibrated,0
0,1,0,0,0,1,1,1,0,0,16.4,m,no,no,White-European,United States,adults,synthetic_calibrated,0
1,0,0,0,0,0,1,0,0,1,18.0,m,no,no,Black,Unknown,adults,uci_real,0
1,1,1,0,1,0,0,0,0,1,1.3,m,no,no,Pasifika,Australia,children,synthetic_calibrated,0
1,0,1,1,1,1,1,0,1,1,7.8,f,no,no,Hispanic,Others,toddlers,synthetic_calibrated,1
0,0,1,1,1,0,0,1,0,0,24.0,f,no,no,Others,Unknown,adults,uci_real,0
1,0,1,1,1,0,0,0,0,0,23.0,f,no,no,'South Asian',Unknown,adults,uci_real,0
0,0,1,0,1,1,0,0,0,1,6.7,f,no,no,Middle Eastern,Saudi Arabia,adults,synthetic_calibrated,0
1,1,1,0,1,0,1,1,0,1,30.0,m,no,no,Asian,Unknown,adults,uci_real,1
0,1,0,0,1,1,1,0,0,0,1.0,m,no,no,Asian,Canada,adolescents,synthetic_calibrated,0
0,1,0,0,1,1,0,0,0,0,27.2,m,yes,no,Asian,UAE,adults,synthetic_calibrated,0
0,1,0,0,1,0,1,1,0,0,38.9,f,no,no,Pasifika,United Kingdom,children,synthetic_calibrated,0
1,0,1,1,1,0,1,0,1,1,40.0,m,no,no,Black,Unknown,adults,uci_real,1
1,0,1,1,0,0,0,1,0,1,43.8,f,no,no,South Asian,Others,adults,synthetic_calibrated,0
1,0,0,1,1,0,1,0,1,0,41.1,m,no,no,South Asian,India,adults,synthetic_calibrated,0
1,1,0,1,0,0,1,1,1,1,25.0,f,no,no,Middle Eastern,New Zealand,toddlers,synthetic_calibrated,0
0,0,1,1,0,0,0,1,0,1,31.7,m,no,no,Asian,United Kingdom,adults,synthetic_calibrated,0
0,1,0,0,0,0,0,1,1,0,21.0,m,no,no,nan,Unknown,adults,uci_real,0
0,0,1,1,0,0,0,0,0,0,23.0,f,no,no,'Middle Eastern ',Unknown,adults,uci_real,0
1,0,0,0,0,1,0,1,0,0,27.0,f,no,no,Asian,Unknown,adults,uci_real,0
0,1,1,0,1,0,0,0,0,0,26.0,m,yes,no,Hispanic,Unknown,adults,uci_real,0
1,0,1,1,1,1,0,0,1,1,30.4,m,no,no,Others,United Kingdom,children,synthetic_calibrated,1
1,0,0,0,0,0,0,0,0,0,18.3,m,no,no,Others,Canada,children,synthetic_calibrated,0
0,1,0,0,1,0,1,1,1,1,7.4,m,no,no,Pasifika,UAE,adults,synthetic_calibrated,0
0,0,0,1,0,0,0,1,0,0,21.0,m,no,no,nan,Unknown,adults,uci_real,0
0,0,0,1,1,1,0,0,1,1,1.0,m,yes,no,Hispanic,Saudi Arabia,children,synthetic_calibrated,0
1,1,1,1,1,1,0,1,1,0,13.7,m,yes,no,Pasifika,Canada,adults,synthetic_calibrated,1
1,0,0,0,1,1,0,1,0,1,5.0,m,yes,no,'South Asian',Unknown,children,uci_real,0
1,1,1,1,1,1,1,1,1,1,33.1,m,no,no,White-European,New Zealand,adults,synthetic_calibrated,1
0,0,0,0,0,0,0,0,0,1,28.7,f,no,no,White-European,Australia,adults,synthetic_calibrated,0
1,1,0,1,1,0,0,1,0,0,18.0,m,no,no,Black,Unknown,adults,uci_real,0
1,1,0,1,1,0,0,0,0,1,51.4,f,no,no,Pasifika,United States,children,synthetic_calibrated,0
0,1,0,0,1,0,0,1,0,0,24.0,m,no,no,Hispanic,United States,adults,synthetic_calibrated,0
1,0,1,1,1,0,1,0,0,1,15.5,m,no,no,Latino,United States,toddlers,synthetic_calibrated,0
0,0,1,1,0,0,0,0,0,0,44.0,m,no,no,Black,Unknown,adults,uci_real,0
0,1,1,0,1,1,1,0,1,0,12.6,m,no,no,Hispanic,Australia,toddlers,synthetic_calibrated,0
1,0,0,0,0,0,1,0,0,0,30.6,m,no,no,Asian,Canada,adolescents,synthetic_calibrated,0
1,0,0,0,0,0,1,0,0,1,17.2,f,yes,no,Pasifika,Saudi Arabia,children,synthetic_calibrated,0
1,0,0,1,1,0,0,1,1,1,33.9,m,no,no,Middle Eastern,Saudi Arabia,adults,synthetic_calibrated,0
1,0,0,0,0,0,0,1,0,1,34.0,m,no,no,Hispanic,Unknown,adults,uci_real,0
1,0,0,0,1,0,0,0,0,0,25.4,f,no,no,Latino,India,adults,synthetic_calibrated,0
0,0,0,1,0,0,0,1,0,0,21.3,m,no,no,Middle Eastern,Australia,children,synthetic_calibrated,0
0,0,0,1,1,1,1,1,1,0,5.0,m,no,no,White-European,Unknown,children,uci_real,0
1,0,0,0,1,1,0,1,0,0,15.9,f,no,no,White-European,New Zealand,children,synthetic_calibrated,0
1,1,1,0,0,0,0,1,1,0,24.4,f,yes,no,Black,India,adults,synthetic_calibrated,0
1,0,1,0,1,1,1,0,0,1,2.7,m,no,no,South Asian,United Kingdom,toddlers,synthetic_calibrated,1
1,1,0,1,0,1,0,1,1,0,22.3,m,no,no,Latino,Australia,children,synthetic_calibrated,0
1,1,0,0,1,1,1,0,0,1,1.0,m,yes,no,Latino,United Kingdom,children,synthetic_calibrated,0
1,1,1,1,1,1,0,1,0,1,5.0,m,no,no,nan,Unknown,children,uci_real,1
1,1,1,0,1,0,0,1,0,1,1.0,m,no,no,Others,UAE,adults,synthetic_calibrated,1
1,1,0,0,0,0,1,0,0,0,27.5,f,no,no,Asian,India,adults,synthetic_calibrated,0
1,0,0,0,1,0,0,1,0,1,15.7,m,no,no,Middle Eastern,Others,children,synthetic_calibrated,0
1,0,1,0,0,0,0,0,1,0,31.5,f,yes,no,White-European,Canada,adults,synthetic_calibrated,0
1,0,0,0,1,0,1,0,0,0,38.3,m,no,no,Hispanic,New Zealand,children,synthetic_calibrated,0
0,0,0,0,0,0,0,1,0,1,39.9,m,no,no,Latino,New Zealand,children,synthetic_calibrated,0
1,0,1,1,0,0,0,0,0,1,44.1,m,no,no,Asian,Others,adolescents,synthetic_calibrated,0
0,0,0,0,1,1,1,1,0,0,8.5,m,no,no,Others,India,toddlers,synthetic_calibrated,0
0,1,0,1,0,0,0,0,0,1,44.1,m,no,no,Asian,New Zealand,adults,synthetic_calibrated,0
0,1,0,0,1,0,1,0,0,1,7.0,f,yes,no,White-European,Unknown,children,uci_real,0
1,0,0,0,0,1,0,1,0,0,5.9,m,no,no,Hispanic,United States,adults,synthetic_calibrated,0
0,1,1,0,1,1,0,0,1,1,1.0,f,no,no,Latino,India,toddlers,synthetic_calibrated,1
1,1,0,1,0,0,1,1,0,0,26.7,m,no,no,Pasifika,United States,adults,synthetic_calibrated,0
1,1,1,1,1,1,0,1,0,1,4.0,m,yes,no,Asian,Unknown,children,uci_real,1
0,0,0,1,0,0,0,0,1,0,1.0,m,no,no,White-European,Australia,adults,synthetic_calibrated,0
1,0,0,0,0,1,0,1,0,1,44.0,f,no,no,South Asian,United Kingdom,adolescents,synthetic_calibrated,0
1,0,0,0,0,0,0,0,0,0,16.9,f,no,no,Latino,Others,toddlers,synthetic_calibrated,0
1,1,1,1,1,1,1,0,1,0,4.0,f,no,yes,White-European,Unknown,children,uci_real,1
0,1,0,1,0,0,1,0,0,0,19.0,f,no,no,Others,Australia,adults,synthetic_calibrated,0
1,1,0,0,0,0,0,0,0,1,4.0,f,no,no,White-European,Unknown,children,uci_real,0
0,0,0,1,1,1,0,0,0,1,5.0,m,no,yes,Asian,Unknown,children,uci_real,0
0,0,1,1,0,0,1,1,0,0,32.5,f,no,no,White-European,New Zealand,children,synthetic_calibrated,0
1,1,1,0,1,1,0,1,1,1,4.7,m,yes,no,Middle Eastern,Canada,adults,synthetic_calibrated,1
1,1,1,0,1,1,0,1,1,1,38.6,m,no,no,White-European,Canada,children,synthetic_calibrated,1
0,1,1,1,1,0,0,0,0,0,17.8,m,no,no,Latino,New Zealand,children,synthetic_calibrated,0
0,0,0,1,0,0,1,0,0,0,23.0,m,no,no,'South Asian',Unknown,adults,uci_real,0
0,1,0,1,0,1,1,0,1,1,19.0,f,no,no,'Middle Eastern ',Unknown,adults,uci_real,0
1,1,0,1,0,0,0,1,0,1,11.8,m,no,no,White-European,Canada,children,synthetic_calibrated,0
1,0,0,1,0,0,1,1,0,1,27.0,f,yes,no,White-European,Unknown,adults,uci_real,0
1,1,0,1,0,0,1,0,0,1,6.2,m,no,no,Black,United Kingdom,children,synthetic_calibrated,0
1,0,1,0,0,1,0,1,0,0,32.0,f,no,no,White-European,Unknown,adults,uci_real,0
1,0,1,1,0,0,0,0,0,0,23.4,f,no,no,Hispanic,New Zealand,children,synthetic_calibrated,0
1,0,0,1,0,1,0,1,1,0,11.0,m,no,no,Asian,Unknown,children,uci_real,0
1,1,1,1,1,1,1,0,1,1,7.0,f,no,no,Asian,Unknown,children,uci_real,1
1,1,1,1,1,1,1,1,0,1,33.2,m,no,no,Latino,Saudi Arabia,children,synthetic_calibrated,1
0,0,1,1,1,0,0,1,1,0,20.7,m,no,no,Pasifika,Canada,adolescents,synthetic_calibrated,0
0,1,0,0,0,0,1,1,0,0,39.3,m,no,no,Pasifika,Saudi Arabia,children,synthetic_calibrated,0
1,1,0,1,1,1,1,1,1,1,42.6,m,no,no,Hispanic,Saudi Arabia,children,synthetic_calibrated,1
1,1,0,0,0,0,0,1,0,0,36.4,f,no,no,Latino,Australia,adults,synthetic_calibrated,0
1,1,0,0,0,0,1,0,0,0,17.0,f,no,no,Black,Unknown,adults,uci_real,0
1,0,1,0,1,1,0,0,1,0,11.3,m,no,no,Middle Eastern,Saudi Arabia,adults,synthetic_calibrated,0
1,0,1,1,1,1,1,1,1,1,38.0,f,no,no,White-European,Unknown,adults,uci_real,1
1,0,0,0,0,0,1,1,0,1,18.9,f,no,no,White-European,New Zealand,adolescents,synthetic_calibrated,0
1,0,1,0,0,0,0,0,0,1,31.8,m,no,no,South Asian,New Zealand,children,synthetic_calibrated,0
1,0,0,0,0,0,0,1,1,0,23.0,m,no,no,Asian,Unknown,adults,uci_real,0
0,0,1,0,1,1,0,0,1,1,34.0,m,no,no,Others,Unknown,adults,uci_real,0
1,1,0,0,0,1,0,0,0,0,37.6,m,no,no,White-European,New Zealand,adults,synthetic_calibrated,0
0,0,0,1,0,0,1,0,0,0,20.0,f,no,no,nan,Unknown,adults,uci_real,0
1,0,0,0,0,1,0,1,0,1,14.6,f,no,no,Latino,India,children,synthetic_calibrated,0
0,0,0,1,1,0,0,1,0,1,39.8,m,no,no,Others,Australia,adults,synthetic_calibrated,0
0,1,1,1,0,0,0,0,0,1,36.0,f,yes,no,White-European,Unknown,adults,uci_real,0
1,0,0,0,0,0,0,1,0,0,32.0,f,no,no,Asian,Unknown,adults,uci_real,0
1,0,0,0,0,0,0,0,0,1,33.1,f,no,no,Others,United States,toddlers,synthetic_calibrated,0
1,1,1,1,1,1,1,1,0,0,1.3,m,no,no,Pasifika,Others,adolescents,synthetic_calibrated,1
1,1,0,1,1,1,1,1,1,1,18.4,f,yes,no,Latino,New Zealand,adults,synthetic_calibrated,1
0,1,0,0,1,0,1,1,0,0,27.1,m,yes,no,South Asian,New Zealand,children,synthetic_calibrated,0
1,1,1,1,1,1,1,0,1,0,28.2,m,no,no,Hispanic,Australia,toddlers,synthetic_calibrated,1
0,0,0,0,1,0,0,0,0,1,8.0,m,no,no,Middle Eastern,New Zealand,adults,synthetic_calibrated,0
1,1,1,1,1,1,0,1,0,1,11.0,m,no,no,White-European,Unknown,children,uci_real,1
1,1,1,1,1,1,0,1,1,1,31.0,f,no,no,Black,United Kingdom,adolescents,synthetic_calibrated,1
0,0,0,1,0,0,1,1,0,1,30.2,f,no,no,Latino,UAE,adults,synthetic_calibrated,0
1,1,1,1,1,1,1,1,1,1,1.3,m,no,no,South Asian,Australia,children,synthetic_calibrated,1
0,1,0,0,1,0,1,1,0,1,19.0,f,no,no,Black,Unknown,adults,uci_real,0
1,0,0,1,1,0,0,0,0,0,19.2,m,no,no,Asian,New Zealand,toddlers,synthetic_calibrated,0
1,1,0,1,0,1,1,1,0,1,27.4,m,no,no,Black,Canada,children,synthetic_calibrated,0
1,1,1,0,1,0,0,1,0,1,20.9,m,no,no,Middle Eastern,Canada,adults,synthetic_calibrated,1
1,0,1,1,0,0,0,0,1,1,1.0,f,yes,no,White-European,India,adults,synthetic_calibrated,0
0,1,1,1,1,1,0,0,1,1,1.6,f,no,no,Others,UAE,adults,synthetic_calibrated,1
1,0,0,1,1,0,0,1,0,0,24.0,f,no,no,Latino,Unknown,adults,uci_real,0
1,1,0,0,0,0,0,0,0,0,17.2,m,no,no,White-European,Saudi Arabia,children,synthetic_calibrated,0
0,1,0,0,0,0,1,0,0,1,8.7,f,no,no,Asian,India,adults,synthetic_calibrated,0
1,1,0,0,0,0,1,0,0,1,16.5,m,yes,no,Black,United Kingdom,adults,synthetic_calibrated,0
1,1,0,1,1,1,1,1,1,0,33.0,f,no,no,Black,Unknown,adults,uci_real,1
1,0,1,0,0,0,1,0,0,0,36.0,m,no,no,White-European,Unknown,adults,uci_real,0
1,0,0,0,0,0,1,0,0,1,48.4,f,no,no,Black,United States,children,synthetic_calibrated,0
1,1,1,1,0,1,1,1,0,1,18.6,m,no,no,Hispanic,United Kingdom,children,synthetic_calibrated,1
0,0,1,0,1,1,0,1,0,1,18.6,f,no,no,Middle Eastern,Canada,children,synthetic_calibrated,0
1,0,0,0,0,0,1,1,1,1,35.7,m,no,no,Asian,United States,children,synthetic_calibrated,0
0,0,0,0,0,0,0,1,0,0,22.9,f,no,no,Hispanic,Others,adults,synthetic_calibrated,0
1,0,0,1,1,1,1,1,0,1,20.1,m,yes,no,White-European,Saudi Arabia,toddlers,synthetic_calibrated,1
0,1,0,0,0,0,1,0,0,1,6.0,m,yes,no,nan,Unknown,children,uci_real,0
1,1,1,1,1,0,1,0,1,1,5.0,f,no,no,White-European,Unknown,children,uci_real,1
1,0,0,0,1,0,1,0,0,0,25.0,f,no,no,Middle Eastern,United Kingdom,toddlers,synthetic_calibrated,0
1,1,0,0,0,0,0,1,0,0,16.0,m,no,no,Hispanic,India,adults,synthetic_calibrated,0
0,1,0,0,1,0,0,1,0,1,24.7,m,no,no,Latino,New Zealand,adults,synthetic_calibrated,0
1,0,0,0,1,0,1,1,1,0,23.2,m,no,no,Middle Eastern,UAE,children,synthetic_calibrated,0
0,1,1,1,1,1,0,1,0,0,17.4,m,no,no,Black,United Kingdom,adolescents,synthetic_calibrated,0
1,0,0,1,0,0,0,1,0,0,46.5,f,no,no,White-European,Others,adolescents,synthetic_calibrated,0
1,0,0,1,1,0,0,1,0,1,6.8,m,no,no,White-European,Canada,adults,synthetic_calibrated,0
0,1,0,1,0,0,0,1,0,0,36.4,m,no,no,Asian,India,adults,synthetic_calibrated,0
1,1,1,1,0,0,0,0,0,0,38.0,f,no,no,'Middle Eastern ',Unknown,adults,uci_real,0
0,1,1,1,0,0,0,0,0,1,29.1,m,no,no,Hispanic,Canada,children,synthetic_calibrated,0
0,1,1,0,1,0,1,1,1,1,71.5,m,no,no,Asian,New Zealand,children,synthetic_calibrated,1
0,0,1,1,1,0,0,1,1,1,37.0,f,no,no,White-European,Unknown,adults,uci_real,0
1,1,1,1,0,1,1,1,1,1,8.0,m,no,no,White-European,Unknown,children,uci_real,1
0,0,0,0,1,1,0,1,0,1,8.0,f,no,no,'South Asian',Unknown,children,uci_real,0
1,0,1,1,1,0,1,1,1,1,4.9,f,no,no,Pasifika,UAE,adolescents,synthetic_calibrated,1
1,1,1,1,0,0,0,0,0,0,29.2,m,no,no,Hispanic,Others,adults,synthetic_calibrated,0
1,0,1,1,1,0,1,0,1,1,19.7,m,no,no,South Asian,United States,children,synthetic_calibrated,1
1,0,0,1,0,0,0,0,1,0,25.0,m,no,no,Asian,Unknown,adults,uci_real,0
1,0,1,1,0,0,0,0,0,0,34.0,f,no,no,White-European,Unknown,adults,uci_real,0
1,0,0,1,0,0,0,0,1,1,29.0,f,no,no,Asian,Unknown,adults,uci_real,0
0,0,0,0,0,0,1,0,0,0,22.1,f,no,no,Others,United Kingdom,children,synthetic_calibrated,0
1,0,0,0,0,0,0,1,0,0,50.4,m,no,no,Others,Others,children,synthetic_calibrated,0
0,0,0,0,1,0,1,0,0,0,36.4,m,no,no,Latino,Others,adolescents,synthetic_calibrated,0
1,1,1,1,0,0,0,0,1,0,29.8,m,yes,no,Black,Others,adults,synthetic_calibrated,0
1,1,1,1,0,0,0,0,0,0,28.4,m,no,no,White-European,UAE,adolescents,synthetic_calibrated,0
1,1,0,0,1,0,0,1,1,0,17.3,f,no,no,Hispanic,United States,toddlers,synthetic_calibrated,0
0,0,1,1,1,0,1,1,0,0,11.0,f,no,yes,nan,Unknown,children,uci_real,0
1,0,1,1,1,1,1,1,1,1,9.0,m,no,no,White-European,Unknown,children,uci_real,1
1,0,1,1,0,0,0,0,0,0,51.0,f,no,no,Latino,Australia,toddlers,synthetic_calibrated,0
0,1,1,1,1,1,0,1,1,1,8.0,m,yes,no,nan,Unknown,children,uci_real,1
1,0,0,1,0,0,1,0,0,0,26.3,f,no,no,White-European,Australia,adults,synthetic_calibrated,0
1,1,0,0,1,1,0,0,0,0,19.4,m,no,no,Middle Eastern,India,adolescents,synthetic_calibrated,0
1,0,1,0,0,0,0,0,0,0,26.2,m,no,no,Others,Others,adolescents,synthetic_calibrated,0
0,1,0,0,1,0,1,0,0,1,nan,f,no,no,nan,Unknown,adults,uci_real,0
1,1,0,0,1,0,0,1,0,0,20.6,f,no,no,Black,Others,children,synthetic_calibrated,0
1,0,1,0,0,0,0,1,0,0,42.0,f,no,no,Asian,Unknown,adults,uci_real,0
0,0,1,1,0,1,1,1,1,1,18.0,m,no,no,White-European,Unknown,adults,uci_real,1
1,1,0,0,1,0,1,1,0,0,29.8,f,no,no,Pasifika,New Zealand,toddlers,synthetic_calibrated,0
1,0,1,1,1,1,1,1,1,1,8.5,f,no,no,Latino,United Kingdom,adolescents,synthetic_calibrated,1
0,1,1,1,1,0,1,0,0,1,19.7,m,no,no,White-European,Saudi Arabia,adults,synthetic_calibrated,1
1,0,1,1,1,1,1,1,1,0,24.0,m,no,no,Asian,Unknown,adults,uci_real,1
1,0,0,0,0,0,0,0,0,0,34.6,f,no,no,Hispanic,UAE,adults,synthetic_calibrated,0
0,1,1,0,0,0,1,1,0,0,27.0,m,no,no,Others,United States,children,synthetic_calibrated,0
0,1,1,0,1,0,0,1,1,1,50.0,m,no,no,'Middle Eastern ',Unknown,adults,uci_real,0
1,0,0,0,1,0,0,1,1,0,30.1,m,no,no,Black,India,children,synthetic_calibrated,0
0,0,1,0,1,0,1,0,0,1,5.0,m,no,no,'South Asian',Unknown,children,uci_real,0
0,0,1,0,0,0,1,1,0,1,15.2,m,no,no,Latino,Others,adults,synthetic_calibrated,0
1,0,1,1,0,1,1,1,0,1,4.0,f,yes,no,White-European,Unknown,children,uci_real,1
1,1,1,1,1,1,1,1,1,1,16.2,m,no,no,Black,Canada,adults,synthetic_calibrated,1
0,1,1,1,1,0,0,0,0,1,25.2,m,no,no,Asian,United States,adults,synthetic_calibrated,0
1,0,0,0,1,0,1,0,0,0,31.6,m,no,no,Black,Canada,toddlers,synthetic_calibrated,0
1,0,0,0,1,1,0,0,1,0,22.4,m,no,no,Latino,Saudi Arabia,adolescents,synthetic_calibrated,0
1,1,0,1,1,0,1,0,0,1,5.1,m,yes,no,Hispanic,India,adults,synthetic_calibrated,0
0,1,1,1,1,0,1,1,1,1,20.7,m,no,no,Others,United States,adults,synthetic_calibrated,1
1,1,0,0,1,1,0,1,0,0,7.7,f,yes,no,Others,New Zealand,toddlers,synthetic_calibrated,0
1,0,1,1,0,0,1,1,0,0,10.4,f,no,no,Latino,Australia,adolescents,synthetic_calibrated,0
1,1,1,0,1,0,1,1,1,1,43.2,m,no,no,Hispanic,India,adolescents,synthetic_calibrated,1
0,1,0,1,1,0,1,0,0,1,39.8,m,no,no,South Asian,Australia,adults,synthetic_calibrated,0
1,0,1,1,1,1,1,1,1,1,10.5,m,no,no,Black,Saudi Arabia,adults,synthetic_calibrated,1
1,1,1,1,0,0,1,1,0,0,26.0,f,no,no,White-European,Unknown,adults,uci_real,0
1,0,0,0,1,1,1,1,1,1,1.7,m,no,no,Middle Eastern,Others,adults,synthetic_calibrated,1
1,1,1,1,1,1,1,1,1,1,30.0,f,no,no,White-European,Unknown,adults,uci_real,1
0,0,0,0,1,0,0,0,0,1,22.1,m,no,no,Others,UAE,adolescents,synthetic_calibrated,0
1,0,0,1,1,1,1,1,0,0,35.8,m,no,no,South Asian,Saudi Arabia,children,synthetic_calibrated,1
1,1,1,1,1,1,1,0,0,1,39.7,m,no,no,Latino,United Kingdom,toddlers,synthetic_calibrated,1
0,0,0,1,0,0,1,0,0,0,42.6,m,no,no,South Asian,India,toddlers,synthetic_calibrated,0
1,0,1,1,1,0,0,0,0,0,31.0,f,no,no,'Middle Eastern ',Unknown,adults,uci_real,0
1,0,0,0,1,0,1,0,0,1,28.0,f,no,no,White-European,Unknown,adults,uci_real,0
0,0,0,0,0,0,0,0,0,0,25.0,m,no,no,Asian,Unknown,adults,uci_real,0
1,1,1,0,0,0,1,1,0,1,48.1,m,no,no,Asian,Australia,toddlers,synthetic_calibrated,0
1,1,0,1,1,0,1,1,1,1,27.0,m,yes,no,Latino,Unknown,adults,uci_real,1
1,1,1,0,1,1,0,0,1,1,19.0,f,no,no,Asian,United Kingdom,adults,synthetic_calibrated,1
0,0,0,0,1,0,1,0,0,0,16.1,m,no,no,White-European,United States,adults,synthetic_calibrated,0
0,0,1,1,1,1,0,1,1,1,9.6,m,no,no,Others,United Kingdom,children,synthetic_calibrated,1
1,1,1,1,1,1,1,1,1,1,28.1,f,no,no,Pasifika,India,adults,synthetic_calibrated,1
0,0,1,1,0,1,0,0,1,0,7.0,m,no,no,South Asian,Others,adults,synthetic_calibrated,0
1,0,0,1,0,0,0,0,0,0,20.5,m,no,no,South Asian,United States,toddlers,synthetic_calibrated,0
0,0,0,0,0,0,1,0,0,0,26.5,m,no,no,Middle Eastern,UAE,adults,synthetic_calibrated,0
1,1,1,0,1,0,1,1,0,1,6.0,m,no,no,nan,Unknown,children,uci_real,1
1,0,1,1,0,1,1,1,1,1,20.4,m,no,no,White-European,New Zealand,adults,synthetic_calibrated,1
1,0,1,1,1,0,1,0,1,1,32.5,f,yes,no,Pasifika,Canada,adults,synthetic_calibrated,1
1,0,0,1,1,1,0,0,0,0,20.3,m,no,no,Black,New Zealand,children,synthetic_calibrated,0
0,0,0,0,0,0,0,0,0,0,44.0,f,no,no,White-European,Unknown,adults,uci_real,0
0,0,0,0,1,1,1,0,0,0,4.0,m,no,no,nan,Unknown,children,uci_real,0
1,1,1,1,0,1,0,0,0,0,5.0,f,no,no,White-European,Unknown,children,uci_real,0
1,1,0,1,1,1,0,1,1,1,36.1,f,no,no,South Asian,Canada,children,synthetic_calibrated,1
0,1,1,1,1,1,0,0,0,1,19.0,f,yes,no,White-European,Unknown,adults,uci_real,0
1,0,0,1,0,0,0,0,0,0,24.6,f,no,no,South Asian,United Kingdom,adolescents,synthetic_calibrated,0
0,1,1,1,1,0,0,1,0,0,21.6,m,no,no,Middle Eastern,United Kingdom,children,synthetic_calibrated,0
0,0,0,1,0,0,1,0,1,1,16.5,f,no,no,South Asian,UAE,adults,synthetic_calibrated,0
0,0,0,0,0,0,0,1,0,0,47.1,f,no,no,Latino,India,adults,synthetic_calibrated,0
0,0,0,0,1,0,0,1,0,0,18.1,m,no,no,Others,UAE,adults,synthetic_calibrated,0
1,0,1,1,0,1,1,1,1,1,41.3,m,no,no,Latino,United Kingdom,children,synthetic_calibrated,1
1,1,0,0,0,0,0,1,0,0,19.0,f,no,no,'Middle Eastern ',Unknown,adults,uci_real,0
1,1,0,1,1,1,0,0,0,1,21.0,m,yes,no,Black,Unknown,adults,uci_real,0
1,0,0,1,1,1,0,1,0,1,39.3,f,no,no,Black,United States,children,synthetic_calibrated,1
1,0,0,0,1,1,1,1,1,0,2.6,m,no,no,Pasifika,United Kingdom,children,synthetic_calibrated,0
1,1,1,1,1,1,0,1,1,0,10.9,f,no,no,South Asian,UAE,adults,synthetic_calibrated,1
0,1,0,1,1,1,1,1,1,1,15.1,f,no,no,South Asian,India,children,synthetic_calibrated,1
0,1,0,0,0,0,0,1,0,1,33.6,m,no,no,Others,Australia,children,synthetic_calibrated,0
0,0,0,0,0,0,0,0,0,0,22.5,f,no,no,Middle Eastern,Canada,children,synthetic_calibrated,0
0,1,0,0,0,0,0,0,0,1,35.9,f,no,no,South Asian,Others,adolescents,synthetic_calibrated,0
0,0,1,0,0,0,0,0,0,0,27.0,f,no,no,nan,Unknown,adults,uci_real,0
1,1,0,0,1,0,0,0,0,0,38.2,m,no,no,Latino,India,children,synthetic_calibrated,0
1,1,0,0,0,0,1,1,0,0,18.6,f,no,no,Pasifika,United Kingdom,children,synthetic_calibrated,0
1,1,1,1,1,0,1,1,1,1,8.0,m,no,yes,White-European,Unknown,children,uci_real,1
1,0,0,0,1,1,1,1,1,1,25.0,m,no,no,Middle Eastern,UAE,children,synthetic_calibrated,1
0,0,0,0,1,0,0,0,0,0,20.5,m,no,no,White-European,Saudi Arabia,children,synthetic_calibrated,0
0,0,1,0,1,1,1,0,1,1,29.0,m,no,no,Black,New Zealand,adolescents,synthetic_calibrated,0
1,0,1,0,0,0,0,1,0,1,22.6,m,no,no,South Asian,Canada,adults,synthetic_calibrated,0
1,0,1,1,0,1,0,0,0,1,9.1,f,no,no,Latino,United Kingdom,adults,synthetic_calibrated,0
1,0,0,0,1,0,0,1,0,0,30.8,f,no,no,Middle Eastern,New Zealand,children,synthetic_calibrated,0
1,0,1,1,1,1,0,1,0,1,16.2,f,no,no,White-European,Others,toddlers,synthetic_calibrated,1
1,0,1,1,1,0,1,1,0,1,20.0,f,yes,no,Latino,Unknown,adults,uci_real,1
1,0,0,0,1,0,0,1,1,1,25.5,f,no,no,Asian,Others,adolescents,synthetic_calibrated,0
1,0,1,1,1,1,0,1,0,1,5.0,m,no,no,White-European,Unknown,children,uci_real,1
0,0,1,1,0,0,0,0,0,0,53.9,f,no,no,Black,India,toddlers,synthetic_calibrated,0
0,1,1,0,0,0,0,1,0,0,17.3,m,no,no,Asian,Canada,children,synthetic_calibrated,0
0,0,1,1,0,0,1,0,0,0,43.0,m,no,no,nan,Unknown,adults,uci_real,0
0,1,0,0,0,1,0,0,0,1,15.1,m,yes,no,Black,UAE,adults,synthetic_calibrated,0
1,0,1,0,0,0,1,1,0,0,35.5,m,no,no,Pasifika,New Zealand,adults,synthetic_calibrated,0
1,1,1,1,0,1,1,1,1,1,3.1,f,no,no,Pasifika,Australia,adults,synthetic_calibrated,1
1,0,0,1,1,1,0,1,1,1,49.3,f,yes,no,Others,Canada,adults,synthetic_calibrated,1
0,1,1,0,0,0,1,0,0,0,29.8,f,no,no,Hispanic,United Kingdom,adults,synthetic_calibrated,0
1,1,1,1,1,0,1,1,0,1,22.1,m,yes,no,Black,United States,adults,synthetic_calibrated,1
0,0,0,1,0,0,0,0,0,1,21.9,m,no,no,South Asian,Australia,adults,synthetic_calibrated,0
1,0,0,1,1,1,1,1,1,1,32.4,m,yes,no,Asian,India,adults,synthetic_calibrated,1
1,0,0,1,1,1,1,1,1,1,17.0,m,no,no,Black,Unknown,adults,uci_real,1
1,1,1,1,1,1,0,1,1,1,43.0,f,no,no,White-European,Unknown,adults,uci_real,1
1,1,0,1,1,0,0,1,0,0,15.9,f,no,no,Pasifika,Canada,adults,synthetic_calibrated,0
1,0,0,1,1,1,1,1,1,1,33.5,f,no,no,Latino,United Kingdom,adults,synthetic_calibrated,1
0,1,1,1,1,1,1,0,0,1,38.7,m,no,no,Asian,Saudi Arabia,children,synthetic_calibrated,1
0,0,0,0,0,0,1,0,0,0,24.4,m,no,no,Middle Eastern,United Kingdom,adults,synthetic_calibrated,0
1,1,1,0,1,1,1,1,1,1,27.9,m,no,no,Middle Eastern,Saudi Arabia,children,synthetic_calibrated,1
0,1,0,0,1,0,0,1,0,0,24.5,m,yes,no,White-European,India,adults,synthetic_calibrated,0
0,1,0,0,0,0,0,1,0,0,25.9,m,no,no,White-European,India,toddlers,synthetic_calibrated,0
1,1,1,1,0,1,1,1,0,1,14.1,f,no,no,Hispanic,New Zealand,adults,synthetic_calibrated,1
1,0,1,1,0,0,0,1,1,1,27.0,m,no,no,Asian,Unknown,adults,uci_real,0
1,0,1,1,1,1,1,1,0,1,2.7,m,no,no,Others,United Kingdom,adolescents,synthetic_calibrated,1
1,0,0,1,0,0,0,1,0,1,25.5,f,yes,no,South Asian,United States,children,synthetic_calibrated,0
1,0,1,0,0,0,0,1,0,0,21.0,m,no,no,'Middle Eastern ',Unknown,adults,uci_real,0
1,1,1,1,1,1,1,1,1,1,11.0,m,no,no,White-European,Unknown,children,uci_real,1
0,0,1,1,1,0,0,1,1,1,36.0,f,no,no,Latino,Unknown,adults,uci_real,0
0,1,0,0,0,0,0,1,0,0,28.0,f,no,no,Turkish,Unknown,adults,uci_real,0
1,1,0,0,0,1,0,0,1,0,22.7,f,yes,no,Hispanic,Australia,adults,synthetic_calibrated,0
1,0,0,1,0,0,1,1,0,0,40.8,m,no,no,Middle Eastern,Others,adolescents,synthetic_calibrated,0
1,0,0,0,0,1,1,0,1,1,32.0,f,no,no,Asian,Unknown,adults,uci_real,0
1,0,1,1,1,1,1,1,1,1,1.0,f,no,no,Latino,India,children,synthetic_calibrated,1
0,0,0,0,0,0,0,0,0,1,51.1,f,no,no,Others,Australia,adults,synthetic_calibrated,0
1,0,0,0,1,0,0,0,0,0,25.1,m,no,no,Pasifika,Canada,adults,synthetic_calibrated,0
1,1,0,1,1,1,1,1,1,1,35.2,m,no,no,Asian,Australia,children,synthetic_calibrated,1
1,0,1,1,1,1,1,1,0,1,6.0,m,no,no,Others,Unknown,children,uci_real,1
1,1,1,1,0,1,1,0,0,1,30.6,m,no,no,Black,UAE,adults,synthetic_calibrated,0
0,0,0,0,0,0,1,0,0,1,28.2,m,no,no,South Asian,India,children,synthetic_calibrated,0
0,0,1,0,0,0,0,1,0,0,21.9,m,no,no,White-European,UAE,adolescents,synthetic_calibrated,0
1,1,0,1,0,1,0,0,0,0,23.8,m,no,no,Asian,Saudi Arabia,adults,synthetic_calibrated,0
0,0,0,1,0,0,0,1,0,1,28.2,f,no,no,Black,United Kingdom,children,synthetic_calibrated,0
0,0,1,0,0,1,0,1,0,1,20.1,m,no,no,Pasifika,New Zealand,adolescents,synthetic_calibrated,0
1,0,0,0,0,0,0,0,0,1,25.0,f,yes,no,Middle Eastern,Australia,adults,synthetic_calibrated,0
1,0,1,1,1,0,0,1,0,0,34.0,f,no,no,White-European,Unknown,adults,uci_real,0
1,1,1,0,1,0,1,0,0,1,26.4,f,yes,no,Latino,Canada,toddlers,synthetic_calibrated,0
1,1,1,0,1,1,1,0,1,1,48.6,f,no,no,Others,India,adults,synthetic_calibrated,1
1,1,0,1,1,1,1,1,1,1,33.6,f,no,no,White-European,India,adults,synthetic_calibrated,1
1,1,0,0,0,0,0,0,0,0,29.8,f,no,no,Latino,Saudi Arabia,adults,synthetic_calibrated,0
1,1,0,1,0,0,0,0,0,0,4.0,m,no,no,Asian,Unknown,children,uci_real,0
1,0,0,0,0,1,1,1,0,0,11.9,f,no,no,Pasifika,Saudi Arabia,toddlers,synthetic_calibrated,0
1,0,1,0,1,1,1,0,1,1,10.0,m,yes,no,nan,Unknown,children,uci_real,1
0,0,0,0,0,0,0,1,0,0,28.0,f,yes,no,Asian,Unknown,adults,uci_real,0
1,1,0,1,1,0,0,0,0,0,18.0,f,no,no,'South Asian',Unknown,adults,uci_real,0
1,1,1,0,0,0,0,0,0,1,18.0,f,no,no,Asian,Unknown,adults,uci_real,0
1,1,1,1,1,1,0,1,1,1,16.4,m,no,no,Middle Eastern,Saudi Arabia,adolescents,synthetic_calibrated,1
1,0,0,1,0,0,0,1,0,0,29.0,m,no,no,White-European,Unknown,adults,uci_real,0
1,0,1,0,0,0,0,1,0,0,12.6,f,no,no,South Asian,Canada,adults,synthetic_calibrated,0
1,1,1,1,1,1,1,1,1,1,28.4,m,yes,no,Asian,Australia,adults,synthetic_calibrated,1
0,0,1,1,0,0,0,0,0,0,35.4,f,no,no,South Asian,Others,children,synthetic_calibrated,0
0,0,1,1,1,1,0,1,1,0,6.3,f,no,no,Latino,Australia,toddlers,synthetic_calibrated,0
1,0,1,1,1,1,1,1,0,1,6.2,m,no,no,Black,United States,adults,synthetic_calibrated,1
1,0,0,1,0,0,1,1,0,0,49.9,m,no,no,Middle Eastern,Saudi Arabia,toddlers,synthetic_calibrated,0
1,0,1,0,1,0,1,0,1,1,6.0,m,yes,no,White-European,Unknown,children,uci_real,0
1,0,0,0,0,1,0,0,0,1,29.1,f,yes,no,South Asian,New Zealand,children,synthetic_calibrated,0
1,1,0,0,0,0,0,1,0,1,4.7,f,no,no,South Asian,Saudi Arabia,toddlers,synthetic_calibrated,0
1,1,0,1,0,0,0,1,1,1,32.2,f,no,no,Latino,India,toddlers,synthetic_calibrated,0
1,1,0,1,0,0,1,0,0,1,20.8,m,yes,no,Middle Eastern,Saudi Arabia,adults,synthetic_calibrated,0
1,0,0,0,1,0,1,1,0,0,22.0,f,no,no,Asian,Unknown,adults,uci_real,0
1,0,1,0,0,0,0,0,0,1,36.8,m,no,no,Latino,Australia,children,synthetic_calibrated,0
1,1,0,1,0,0,0,1,0,0,35.6,f,no,no,Asian,India,adults,synthetic_calibrated,0
0,0,0,0,0,0,0,1,0,0,43.5,f,no,no,Latino,New Zealand,adults,synthetic_calibrated,0
0,0,1,1,0,0,1,1,0,0,28.6,m,yes,no,Middle Eastern,Australia,children,synthetic_calibrated,0
1,0,0,0,0,0,1,1,1,1,25.0,m,no,no,Asian,Unknown,adults,uci_real,0
1,0,1,0,1,1,1,0,0,1,10.0,f,no,no,White-European,Unknown,children,uci_real,0
1,1,1,1,1,1,1,1,1,1,18.0,f,yes,no,White-European,Unknown,adults,uci_real,1
0,1,1,1,0,0,0,1,0,0,37.6,m,no,no,Black,Saudi Arabia,children,synthetic_calibrated,0
1,1,1,0,0,1,0,0,1,0,7.0,m,no,no,South Asian,Saudi Arabia,children,synthetic_calibrated,0
1,0,0,0,0,0,0,1,0,0,29.0,m,no,no,'South Asian',Unknown,adults,uci_real,0
0,0,0,0,0,0,0,0,0,1,42.3,m,no,no,Latino,Others,children,synthetic_calibrated,0
0,0,1,0,0,0,1,1,0,0,32.8,f,no,no,Others,New Zealand,adults,synthetic_calibrated,0
0,1,0,0,0,1,0,1,0,0,23.0,f,no,no,Latino,Canada,toddlers,synthetic_calibrated,0
1,0,1,0,1,0,0,0,0,0,29.2,f,no,no,South Asian,UAE,children,synthetic_calibrated,0
0,1,1,1,1,1,0,0,1,1,9.2,m,yes,no,Black,United States,children,synthetic_calibrated,1
1,0,1,1,0,0,1,1,0,0,31.7,m,no,no,White-European,India,adults,synthetic_calibrated,0
1,0,0,0,0,0,0,0,1,0,28.6,f,no,no,Latino,Others,children,synthetic_calibrated,0
1,1,1,1,1,1,0,0,1,1,19.0,f,yes,no,White-European,Unknown,adults,uci_real,1
0,0,0,0,0,0,0,1,0,0,22.0,m,no,no,'South Asian',Unknown,adults,uci_real,0
1,1,0,0,0,0,0,1,0,1,18.2,m,no,no,White-European,United Kingdom,adults,synthetic_calibrated,0
0,1,1,1,1,0,0,0,1,0,6.0,m,no,no,White-European,Unknown,children,uci_real,0
1,1,0,0,0,0,0,1,0,0,34.0,f,no,no,Others,Canada,adults,synthetic_calibrated,0
1,1,1,1,1,0,1,0,0,1,22.5,f,yes,no,South Asian,United Kingdom,children,synthetic_calibrated,1
1,0,0,0,0,0,0,1,0,0,30.2,m,no,no,Hispanic,United Kingdom,toddlers,synthetic_calibrated,0
0,0,1,0,1,1,1,0,1,1,8.0,m,no,no,White-European,Unknown,children,uci_real,0
1,0,1,1,0,1,0,1,1,0,22.3,m,no,no,Black,India,children,synthetic_calibrated,1
1,0,1,1,1,0,1,1,1,1,28.7,m,no,no,Others,United Kingdom,adults,synthetic_calibrated,1
1,0,0,1,1,1,0,0,1,0,25.0,m,no,no,White-European,Unknown,adults,uci_real,0
1,0,1,1,1,1,1,0,1,1,43.5,f,yes,no,Black,Saudi Arabia,adults,synthetic_calibrated,1
1,0,0,0,1,0,1,0,0,1,31.0,m,no,no,Asian,Unknown,adults,uci_real,0
1,0,0,1,1,0,0,1,0,0,28.7,f,no,no,White-European,Others,children,synthetic_calibrated,0
1,0,1,0,1,1,0,1,1,1,7.7,m,no,no,Black,Australia,children,synthetic_calibrated,1
1,1,0,0,1,1,0,1,0,1,33.4,m,yes,no,White-European,New Zealand,children,synthetic_calibrated,0
1,1,0,0,0,0,0,1,0,1,21.0,f,no,no,nan,Unknown,adults,uci_real,0
1,1,1,1,1,1,0,0,1,1,20.6,f,no,no,Middle Eastern,New Zealand,adults,synthetic_calibrated,1
1,1,1,1,0,1,0,0,0,0,1.0,f,no,no,Middle Eastern,UAE,children,synthetic_calibrated,0
0,1,1,0,0,0,1,0,0,1,34.8,f,no,no,Pasifika,New Zealand,children,synthetic_calibrated,0
1,0,0,0,0,0,0,1,0,1,26.0,f,no,no,nan,Unknown,adults,uci_real,0
0,0,1,0,0,0,0,1,0,1,17.7,m,no,no,Asian,Australia,adults,synthetic_calibrated,0
1,1,1,0,1,1,1,1,1,1,66.5,m,no,no,Asian,Canada,adults,synthetic_calibrated,1
0,1,1,1,1,1,1,0,1,1,10.5,f,no,no,Black,Others,adults,synthetic_calibrated,1
1,0,1,0,0,0,0,0,0,0,31.4,m,no,no,Black,Others,adolescents,synthetic_calibrated,0
0,0,1,1,0,0,0,0,1,1,20.4,f,no,no,Hispanic,UAE,adults,synthetic_calibrated,0
0,1,1,1,0,1,1,1,1,1,23.3,m,yes,no,Middle Eastern,India,adolescents,synthetic_calibrated,0
0,1,0,0,0,0,0,0,0,0,28.0,m,no,no,White-European,Unknown,adults,uci_real,0
1,0,0,0,0,1,1,1,0,1,38.2,f,no,no,Pasifika,India,adults,synthetic_calibrated,0
0,0,0,0,0,0,0,0,1,1,17.2,m,no,no,South Asian,Others,children,synthetic_calibrated,0
0,1,1,1,1,1,1,0,1,1,33.0,m,no,no,Asian,Unknown,adults,uci_real,1
0,1,0,1,0,1,1,0,0,1,27.1,f,no,no,Asian,United Kingdom,adults,synthetic_calibrated,0
1,0,1,1,1,1,0,1,1,1,2.2,m,no,no,Pasifika,UAE,adolescents,synthetic_calibrated,1
1,1,1,1,0,0,1,1,0,0,24.1,f,no,no,South Asian,India,children,synthetic_calibrated,0
1,0,0,0,1,0,0,1,0,0,14.0,m,no,no,Asian,Canada,adults,synthetic_calibrated,0
1,0,1,0,1,1,1,1,0,1,33.1,m,no,no,Black,New Zealand,adults,synthetic_calibrated,0
0,0,0,1,0,1,0,0,0,1,4.5,f,yes,no,Middle Eastern,India,children,synthetic_calibrated,0
1,1,0,0,1,1,1,1,0,1,26.0,f,no,no,White-European,Unknown,adults,uci_real,1
1,0,0,0,0,0,0,0,0,1,17.0,m,no,no,'South Asian',Unknown,adults,uci_real,0
0,0,0,1,1,0,0,1,0,0,22.9,m,no,no,White-European,United States,children,synthetic_calibrated,0
1,0,0,0,0,0,0,0,0,0,52.6,f,no,no,Middle Eastern,Others,adults,synthetic_calibrated,0
0,0,0,1,1,1,1,1,1,1,44.3,f,yes,no,South Asian,UAE,adults,synthetic_calibrated,1
0,1,0,0,0,0,1,1,0,0,12.0,f,no,no,Asian,India,adults,synthetic_calibrated,0
1,1,0,0,0,0,0,1,0,1,24.6,m,no,no,Black,UAE,toddlers,synthetic_calibrated,0
1,1,1,1,1,1,0,1,1,1,46.5,m,yes,no,Black,Australia,adults,synthetic_calibrated,1
1,1,1,1,1,0,0,1,1,1,43.0,f,no,no,Black,Unknown,adults,uci_real,1
0,0,1,0,0,1,1,0,0,0,2.6,m,no,no,Asian,New Zealand,adolescents,synthetic_calibrated,0
1,0,0,1,1,0,1,1,0,1,29.7,m,no,no,Pasifika,Others,adults,synthetic_calibrated,0
1,1,0,0,1,1,0,1,1,1,12.2,m,no,no,Black,United States,adults,synthetic_calibrated,0
1,1,1,1,0,0,0,0,0,0,31.0,f,no,no,Pasifika,Unknown,adults,uci_real,0
0,0,0,1,0,0,0,0,0,0,37.9,m,no,no,Black,Australia,adolescents,synthetic_calibrated,0
0,0,0,0,1,0,0,1,0,1,32.2,f,no,no,Black,Others,toddlers,synthetic_calibrated,0
1,1,0,1,1,1,1,1,1,1,5.9,m,no,no,South Asian,New Zealand,toddlers,synthetic_calibrated,1
0,0,0,0,0,0,0,0,0,0,27.0,f,no,no,Black,Unknown,adults,uci_real,0
1,1,0,1,1,1,1,1,1,1,12.5,f,no,no,Others,United States,children,synthetic_calibrated,1
0,0,1,0,1,0,1,1,1,0,13.6,f,no,no,Others,Canada,children,synthetic_calibrated,1
0,0,1,0,0,1,0,0,0,0,6.9,m,no,no,White-European,United States,children,synthetic_calibrated,0
1,1,1,1,1,1,0,1,0,0,4.7,m,no,no,Hispanic,Canada,adolescents,synthetic_calibrated,0
1,1,1,1,1,1,0,1,1,0,48.9,f,no,no,Black,Australia,toddlers,synthetic_calibrated,1
0,0,0,0,0,0,1,1,0,1,34.0,m,yes,no,nan,Unknown,adults,uci_real,0
0,0,0,1,0,0,1,0,0,1,23.9,m,no,no,Others,Australia,children,synthetic_calibrated,0
0,0,0,0,0,0,1,0,0,1,27.0,m,no,no,Asian,Unknown,adults,uci_real,0
0,1,0,0,1,0,1,0,0,0,10.6,m,no,no,White-European,Saudi Arabia,children,synthetic_calibrated,0
1,0,1,1,0,0,1,1,0,1,20.1,m,no,no,White-European,United States,adults,synthetic_calibrated,0
1,0,0,0,0,0,0,1,0,1,29.0,m,no,no,Asian,Unknown,adults,uci_real,0
1,1,0,0,0,0,1,0,1,1,44.7,f,no,no,White-European,New Zealand,children,synthetic_calibrated,0
1,0,1,1,1,0,1,0,0,1,10.8,f,no,no,Pasifika,India,children,synthetic_calibrated,1
0,0,1,0,1,0,1,0,0,1,4.0,f,no,yes,White-European,Unknown,children,uci_real,0
1,0,0,0,1,0,1,1,1,0,21.0,m,no,no,nan,Unknown,adults,uci_real,0
1,0,1,0,0,0,0,0,0,1,21.4,m,no,no,South Asian,New Zealand,toddlers,synthetic_calibrated,0
1,0,0,0,1,1,1,1,1,1,18.2,m,yes,no,Hispanic,United Kingdom,adults,synthetic_calibrated,1
1,1,0,0,1,0,0,1,0,1,4.5,m,no,no,Asian,New Zealand,adults,synthetic_calibrated,0
1,1,0,0,0,0,0,1,0,1,26.2,f,no,no,Black,New Zealand,children,synthetic_calibrated,0
1,1,1,1,1,1,1,1,1,1,20.9,m,no,no,Pasifika,Others,adults,synthetic_calibrated,1
1,0,1,1,0,0,0,0,0,1,32.9,m,no,no,White-European,New Zealand,adolescents,synthetic_calibrated,0
1,1,1,1,1,0,0,1,0,0,22.0,m,no,no,White-European,Unknown,adults,uci_real,0
1,1,0,0,0,0,1,1,1,1,43.0,f,no,no,Black,Unknown,adults,uci_real,0
0,1,1,1,1,1,1,1,1,1,30.0,f,no,no,Asian,Unknown,adults,uci_real,1
0,0,1,0,0,0,0,0,0,0,8.0,m,no,no,'Middle Eastern ',Jordan,child,uci_real,0
0,1,0,1,1,1,1,1,1,1,10.0,f,no,no,White-European,Unknown,children,uci_real,1
1,0,0,1,1,1,1,1,1,1,35.0,f,no,no,'Middle Eastern ',Unknown,adults,uci_real,1
0,0,0,1,0,0,1,1,0,0,14.9,m,no,no,Pasifika,Canada,adolescents,synthetic_calibrated,0
1,1,1,1,1,1,1,1,0,1,29.0,f,no,no,White-European,Unknown,adults,uci_real,1
1,1,0,1,0,0,1,1,0,0,50.0,m,yes,no,White-European,Unknown,adults,uci_real,0
0,0,1,0,0,0,1,0,1,0,6.0,m,no,no,Others,Unknown,children,uci_real,0
1,0,1,1,1,1,1,1,1,1,10.4,f,no,no,Asian,Australia,adolescents,synthetic_calibrated,1
1,1,1,1,0,0,0,0,1,0,28.3,f,no,no,Middle Eastern,India,children,synthetic_calibrated,0
1,0,0,0,0,0,1,0,0,0,20.4,m,no,no,Latino,Australia,children,synthetic_calibrated,0
1,0,1,1,1,0,0,1,1,1,48.0,m,no,no,Middle Eastern,New Zealand,children,synthetic_calibrated,1
1,1,0,0,0,1,1,0,0,0,29.8,m,no,no,Latino,New Zealand,adults,synthetic_calibrated,0
1,1,1,1,1,1,0,1,1,1,29.7,m,no,no,Pasifika,United States,children,synthetic_calibrated,1
0,1,1,1,0,0,0,1,0,1,27.0,m,no,no,White-European,Unknown,adults,uci_real,0
1,1,1,0,0,0,0,1,0,0,19.9,m,no,no,Pasifika,Australia,children,synthetic_calibrated,0
1,1,1,1,1,0,0,1,0,1,27.0,f,no,no,White-European,Unknown,adults,uci_real,1
1,1,1,1,1,1,0,1,1,0,53.8,m,no,no,Latino,Canada,toddlers,synthetic_calibrated,1
1,0,1,0,1,1,1,1,0,0,21.0,m,no,no,Hispanic,Unknown,adults,uci_real,0
0,1,0,1,1,0,1,1,1,1,25.0,f,no,no,White-European,Unknown,adults,uci_real,1
1,1,0,1,1,1,1,1,1,1,49.0,f,no,no,Hispanic,Unknown,adults,uci_real,1
0,1,1,0,0,1,0,0,0,0,15.6,m,no,no,Others,United Kingdom,adults,synthetic_calibrated,0
1,0,0,1,1,0,1,1,0,1,24.9,m,no,no,Asian,Australia,adolescents,synthetic_calibrated,0
1,0,0,1,1,0,1,1,0,0,30.7,m,no,no,Black,New Zealand,adults,synthetic_calibrated,0
0,1,1,0,1,1,1,0,1,1,6.3,f,no,no,Black,United States,adolescents,synthetic_calibrated,1
1,0,0,0,0,1,1,1,0,1,22.0,m,no,no,'Middle Eastern ',Unknown,adults,uci_real,0
1,1,1,0,1,1,0,0,1,1,24.6,m,yes,no,Others,United Kingdom,children,synthetic_calibrated,1
1,1,1,1,0,0,0,1,0,1,26.0,f,no,no,Hispanic,UAE,adults,synthetic_calibrated,0
1,1,1,1,1,1,1,0,1,1,15.5,m,no,no,Others,UAE,adolescents,synthetic_calibrated,1
1,1,1,0,0,0,0,1,1,1,22.3,f,no,no,Hispanic,United States,adolescents,synthetic_calibrated,1
0,1,0,0,1,1,0,1,1,0,24.0,m,no,no,Asian,Unknown,adults,uci_real,0
1,1,1,1,1,0,0,1,1,1,1.0,f,no,no,Others,New Zealand,toddlers,synthetic_calibrated,1
1,1,0,0,0,1,1,1,0,1,23.3,m,no,no,White-European,United States,children,synthetic_calibrated,0
0,0,0,1,0,0,0,0,0,0,35.8,m,no,no,Others,Australia,adolescents,synthetic_calibrated,0
1,0,1,1,1,1,0,1,0,0,37.4,f,no,no,South Asian,Saudi Arabia,adolescents,synthetic_calibrated,0
0,0,1,1,0,0,0,0,1,1,18.2,m,no,no,Pasifika,Others,children,synthetic_calibrated,0
1,1,0,0,1,0,0,1,1,1,25.0,f,no,no,'Middle Eastern ',Unknown,adults,uci_real,0
1,1,1,0,1,1,1,1,0,1,8.5,m,yes,no,Latino,UAE,adults,synthetic_calibrated,1
0,0,0,0,1,1,1,0,0,1,4.0,m,no,yes,Asian,Unknown,children,uci_real,0
1,1,0,1,1,1,1,1,1,1,45.6,m,yes,no,Hispanic,New Zealand,children,synthetic_calibrated,1
1,1,0,0,1,1,0,0,0,0,16.1,f,no,no,Black,United States,adults,synthetic_calibrated,0
1,0,0,0,0,0,1,1,0,0,20.0,f,no,no,'Middle Eastern ',Unknown,adults,uci_real,0
0,0,1,1,1,1,0,0,0,0,1.0,m,no,no,Black,UAE,children,synthetic_calibrated,0
0,1,1,1,1,1,1,1,1,1,1.0,f,no,no,Black,India,adults,synthetic_calibrated,0
1,1,1,0,1,0,0,1,0,1,21.0,m,no,no,Others,Unknown,adults,uci_real,0
1,1,1,1,1,1,1,1,0,1,6.0,m,yes,no,Others,Unknown,children,uci_real,1
0,0,1,1,0,0,0,1,0,0,58.0,m,no,no,Asian,Unknown,adults,uci_real,0
1,1,0,1,1,0,1,1,0,0,43.9,f,no,no,Others,UAE,toddlers,synthetic_calibrated,0
1,0,1,1,1,0,1,1,0,1,24.0,f,no,no,nan,Unknown,adults,uci_real,1
0,0,1,0,1,1,1,1,1,1,7.7,m,yes,no,Asian,India,children,synthetic_calibrated,1
1,1,0,1,1,0,1,1,0,0,32.0,m,no,no,Asian,Unknown,adults,uci_real,0
1,0,0,1,1,0,1,1,1,1,36.1,f,no,no,Black,United Kingdom,children,synthetic_calibrated,1
1,1,0,0,1,1,0,0,0,0,1.0,m,no,no,Hispanic,United Kingdom,children,synthetic_calibrated,0
0,0,1,1,1,1,1,1,1,1,5.0,m,no,no,Asian,Unknown,children,uci_real,1
1,1,1,1,1,1,0,1,1,1,28.3,f,no,no,Others,New Zealand,adults,synthetic_calibrated,1
1,0,1,1,1,1,0,1,1,1,1.3,m,no,no,Others,New Zealand,adults,synthetic_calibrated,1
1,0,0,0,0,0,0,1,0,1,43.0,m,no,no,Hispanic,Unknown,adults,uci_real,0
0,0,0,0,0,0,0,0,0,1,26.2,f,no,no,White-European,Others,children,synthetic_calibrated,0
1,1,0,0,0,1,1,1,0,1,30.0,f,no,no,Asian,Unknown,adults,uci_real,0
1,1,1,1,1,1,0,1,1,1,20.8,m,no,no,South Asian,New Zealand,children,synthetic_calibrated,1
1,1,1,1,0,1,0,1,1,1,55.0,m,no,no,White-European,Unknown,adults,uci_real,1
1,1,1,1,1,1,1,1,1,1,27.0,f,no,no,Asian,Unknown,adults,uci_real,1
1,1,1,1,0,1,1,0,1,1,14.7,m,no,no,Middle Eastern,India,toddlers,synthetic_calibrated,1
1,1,1,1,1,1,0,1,1,1,38.2,m,yes,no,Black,Saudi Arabia,adults,synthetic_calibrated,1
1,1,1,1,0,1,1,1,1,0,29.5,m,no,no,White-European,United Kingdom,adults,synthetic_calibrated,1
0,1,0,1,1,1,0,1,0,1,31.0,m,no,no,White-European,Unknown,adults,uci_real,0
1,0,1,1,1,1,1,1,1,1,8.7,f,no,no,Pasifika,Others,toddlers,synthetic_calibrated,1
1,1,0,1,0,0,0,1,0,1,22.2,m,no,no,White-European,India,adolescents,synthetic_calibrated,0
1,1,0,0,0,1,0,0,1,0,15.8,f,no,no,South Asian,Australia,children,synthetic_calibrated,0
1,0,1,1,1,0,0,1,0,0,30.8,m,no,no,Hispanic,Saudi Arabia,children,synthetic_calibrated,0
1,0,1,0,1,1,0,1,0,0,50.4,f,no,no,South Asian,Australia,adults,synthetic_calibrated,0
1,1,1,1,1,0,1,1,1,1,43.1,f,yes,no,Latino,United States,children,synthetic_calibrated,1
1,1,0,1,1,0,0,0,1,1,25.0,f,no,no,White-European,Unknown,adults,uci_real,0
1,1,1,1,1,1,1,1,1,1,46.0,f,yes,no,White-European,Unknown,adults,uci_real,1
0,0,1,1,0,0,1,0,0,0,41.6,f,no,no,Black,United Kingdom,children,synthetic_calibrated,0
1,1,1,0,1,1,0,1,1,1,11.5,m,no,no,Black,Others,adults,synthetic_calibrated,1
1,0,0,0,0,0,0,1,0,0,29.0,f,no,no,Asian,Unknown,adults,uci_real,0
1,0,0,1,1,0,1,0,0,1,22.9,f,no,no,Middle Eastern,United States,adolescents,synthetic_calibrated,0
1,1,1,1,0,0,0,0,0,0,40.2,m,no,no,Hispanic,United Kingdom,toddlers,synthetic_calibrated,0
1,1,1,0,1,0,0,0,0,1,17.9,f,no,no,Asian,United Kingdom,adults,synthetic_calibrated,0
0,0,1,0,0,1,0,1,0,1,20.5,m,yes,no,Others,Others,adults,synthetic_calibrated,0
1,1,1,1,1,1,1,0,1,1,4.0,m,no,yes,Latino,Unknown,children,uci_real,1
0,1,1,0,1,0,0,1,0,0,13.4,m,no,no,South Asian,United Kingdom,children,synthetic_calibrated,0
1,1,1,1,0,0,1,1,0,0,40.0,m,no,no,White-European,Unknown,adults,uci_real,0
1,1,1,1,1,1,0,0,1,1,33.3,f,no,no,Pasifika,New Zealand,adults,synthetic_calibrated,1
1,0,1,1,1,0,0,0,1,1,20.3,m,no,no,Latino,Canada,children,synthetic_calibrated,0
1,0,1,1,1,0,1,1,1,0,24.0,f,no,no,'South Asian',Unknown,adults,uci_real,1
0,0,1,0,1,1,1,0,1,0,4.0,f,no,yes,nan,Unknown,children,uci_real,0
1,0,1,1,0,1,1,1,1,1,22.0,m,no,no,White-European,Unknown,adults,uci_real,1
1,1,1,1,1,0,1,1,0,1,19.5,m,no,no,Black,United States,adults,synthetic_calibrated,1
1,1,0,0,1,1,1,1,1,1,20.0,m,no,no,White-European,Unknown,adults,uci_real,1
1,1,0,1,0,1,0,0,0,1,36.7,m,no,no,Middle Eastern,Australia,toddlers,synthetic_calibrated,0
1,1,1,1,1,1,1,1,1,0,13.6,f,no,no,Others,New Zealand,adolescents,synthetic_calibrated,1
0,0,0,0,1,0,0,1,0,1,26.0,f,no,no,nan,Unknown,adults,uci_real,0
1,0,0,1,1,1,0,1,0,1,14.7,f,no,no,South Asian,Canada,toddlers,synthetic_calibrated,0
1,0,0,0,1,0,1,0,0,0,23.0,m,no,no,'South Asian',Unknown,adults,uci_real,0
0,0,0,1,0,0,1,0,0,1,29.0,f,no,no,White-European,Unknown,adults,uci_real,0
0,0,0,1,0,0,0,1,1,1,34.1,f,no,no,Hispanic,New Zealand,children,synthetic_calibrated,0
1,1,0,1,1,1,0,1,0,1,20.3,m,yes,no,Latino,UAE,adolescents,synthetic_calibrated,1
1,1,1,1,0,1,0,1,1,1,6.5,m,no,no,Pasifika,United Kingdom,adults,synthetic_calibrated,1
1,0,0,0,0,0,1,1,0,1,35.5,f,no,no,Black,Australia,toddlers,synthetic_calibrated,0
1,0,0,0,1,0,0,0,0,1,4.0,m,no,no,White-European,Unknown,children,uci_real,0
1,0,1,1,1,0,0,1,1,0,43.9,f,no,no,Asian,New Zealand,adults,synthetic_calibrated,1
1,1,1,1,1,1,0,0,0,1,4.0,m,no,yes,'South Asian',Unknown,children,uci_real,1
1,1,1,1,1,1,0,0,1,1,8.0,m,no,no,Black,Unknown,children,uci_real,1
0,1,1,1,1,1,0,0,0,1,24.0,m,no,no,White-European,Unknown,adults,uci_real,0
0,0,1,1,1,1,0,0,0,1,11.0,f,yes,no,Others,Unknown,children,uci_real,0
0,0,0,0,0,0,1,0,0,0,30.0,m,no,no,Asian,Unknown,adults,uci_real,0
0,1,0,0,1,0,0,0,0,0,19.0,f,yes,no,Hispanic,United Kingdom,children,synthetic_calibrated,0
1,0,0,0,0,0,1,0,0,0,18.7,m,no,no,South Asian,India,adults,synthetic_calibrated,0
1,1,1,1,1,1,1,1,1,1,24.5,f,yes,no,Latino,UAE,children,synthetic_calibrated,1
1,0,0,1,0,0,0,0,0,0,28.6,m,no,no,Pasifika,Canada,adults,synthetic_calibrated,0
0,1,1,0,1,0,0,0,0,1,9.4,f,no,no,Black,Others,adolescents,synthetic_calibrated,0
1,0,0,0,0,1,0,1,0,1,29.0,f,no,no,Asian,Unknown,adults,uci_real,0
0,0,1,0,1,0,0,0,0,1,16.0,f,no,no,Black,New Zealand,children,synthetic_calibrated,0
0,1,0,1,1,0,0,1,0,0,27.5,f,no,no,Middle Eastern,United States,adults,synthetic_calibrated,0
1,0,0,0,0,0,0,1,0,0,40.0,f,no,no,nan,Unknown,adults,uci_real,0
1,0,0,0,1,0,1,0,1,1,16.8,f,no,no,Hispanic,United States,adults,synthetic_calibrated,0
1,1,1,1,1,1,0,1,1,1,25.9,m,yes,no,South Asian,New Zealand,children,synthetic_calibrated,0
1,1,1,1,0,0,0,1,0,0,18.0,f,no,no,White-European,Unknown,adults,uci_real,0
1,1,1,1,0,1,0,1,0,1,14.4,m,yes,no,Hispanic,United Kingdom,adults,synthetic_calibrated,1
1,0,1,1,1,1,0,1,0,1,54.2,m,no,no,South Asian,United Kingdom,children,synthetic_calibrated,1
1,0,0,1,0,0,0,1,0,0,34.8,m,no,no,Middle Eastern,United States,children,synthetic_calibrated,0
0,0,1,1,0,0,1,1,0,1,8.1,f,no,no,South Asian,Australia,adolescents,synthetic_calibrated,0
0,0,0,0,0,0,0,1,0,1,59.4,f,yes,no,Hispanic,United Kingdom,adults,synthetic_calibrated,0
1,1,0,1,0,0,1,0,0,1,38.5,m,no,no,White-European,Saudi Arabia,toddlers,synthetic_calibrated,0
0,1,1,1,1,1,0,1,1,1,5.0,m,no,no,nan,Unknown,children,uci_real,1
0,1,0,1,0,0,0,1,0,0,31.0,m,no,no,White-European,Unknown,adults,uci_real,0
1,0,1,1,1,0,1,1,1,1,2.0,f,no,no,Others,United States,toddlers,synthetic_calibrated,1
1,0,0,0,1,0,1,1,0,0,10.7,m,no,no,Middle Eastern,Australia,toddlers,synthetic_calibrated,0
1,1,0,1,1,0,0,1,1,1,32.0,f,no,no,Black,Unknown,adults,uci_real,1
1,1,1,1,1,1,1,0,1,1,34.0,m,no,no,White-European,Unknown,adults,uci_real,1
1,0,0,0,1,0,1,1,0,0,22.6,f,no,no,Middle Eastern,UAE,adults,synthetic_calibrated,0
0,1,1,1,1,0,0,0,1,0,48.0,f,no,no,Black,Unknown,adults,uci_real,0
1,0,0,0,0,1,0,1,1,1,24.0,m,no,no,'South Asian',Unknown,adults,uci_real,0
1,0,0,1,1,0,0,1,0,1,40.0,m,no,no,White-European,Unknown,adults,uci_real,0
0,0,0,1,0,0,1,1,0,0,41.1,m,no,no,Asian,New Zealand,adults,synthetic_calibrated,0
1,0,1,1,1,1,0,1,1,1,4.0,f,no,no,nan,Unknown,children,uci_real,1
1,0,0,0,1,0,1,1,1,1,22.0,m,no,no,Others,Unknown,adults,uci_real,0
1,0,1,1,1,0,0,0,0,1,11.9,f,yes,no,Black,Others,adults,synthetic_calibrated,0
1,0,1,1,0,0,0,0,0,1,11.3,f,no,no,Asian,Saudi Arabia,children,synthetic_calibrated,0
1,0,0,1,1,0,1,1,0,0,28.4,f,yes,no,Pasifika,India,adults,synthetic_calibrated,0
1,1,1,1,1,0,0,1,1,1,32.0,m,no,no,Pasifika,United States,adults,synthetic_calibrated,0
1,0,0,0,0,1,1,0,0,0,19.0,f,no,no,Asian,Unknown,adults,uci_real,0
1,1,1,1,1,1,1,1,0,1,10.5,m,no,no,Black,United States,children,synthetic_calibrated,1
1,1,1,1,1,1,1,1,1,0,17.7,m,yes,no,White-European,New Zealand,adults,synthetic_calibrated,1
1,1,1,0,1,1,0,1,1,1,6.8,m,yes,no,South Asian,New Zealand,children,synthetic_calibrated,1
1,1,1,1,1,0,1,1,1,1,7.5,f,yes,no,Hispanic,Saudi Arabia,children,synthetic_calibrated,1
1,0,0,0,0,1,1,1,0,1,7.6,m,no,no,White-European,New Zealand,adults,synthetic_calibrated,0
1,0,1,1,0,0,1,0,0,1,47.0,f,no,no,White-European,Unknown,adults,uci_real,0
1,1,1,1,1,0,0,1,1,1,36.0,f,no,no,Latino,Unknown,adults,uci_real,1
1,1,1,1,1,0,0,0,1,1,11.5,m,yes,no,Others,Saudi Arabia,adults,synthetic_calibrated,1
0,1,1,0,1,0,0,0,0,0,13.0,f,no,no,South Asian,UAE,adults,synthetic_calibrated,0
1,0,1,1,0,0,1,1,0,0,22.8,m,no,no,Asian,Australia,adults,synthetic_calibrated,0
1,0,0,0,1,0,1,0,0,1,6.0,f,no,no,'Middle Eastern ',Unknown,children,uci_real,0
0,1,0,0,1,0,0,1,0,0,18.5,m,no,no,South Asian,United Kingdom,adults,synthetic_calibrated,0
1,0,0,0,1,1,1,1,1,1,39.0,f,no,no,White-European,Unknown,adults,uci_real,1
1,0,0,0,0,0,1,0,0,1,30.0,m,no,no,nan,Unknown,adults,uci_real,0
1,1,0,0,0,0,1,1,0,1,23.0,f,no,no,Others,Australia,adults,synthetic_calibrated,0
0,0,1,0,1,1,0,1,0,1,14.0,m,yes,no,Others,United Kingdom,children,synthetic_calibrated,0
1,0,1,0,1,1,0,0,0,1,1.0,m,yes,no,Hispanic,United Kingdom,children,synthetic_calibrated,0
1,1,1,1,1,0,1,1,1,1,30.0,m,no,no,Asian,Unknown,adults,uci_real,1
1,0,0,0,1,0,0,1,0,1,24.0,f,no,no,Asian,Unknown,adults,uci_real,0
0,0,0,1,1,0,1,1,1,1,31.5,f,no,no,Asian,UAE,adolescents,synthetic_calibrated,0
1,1,1,1,1,0,0,1,0,1,29.8,m,no,no,Middle Eastern,United States,toddlers,synthetic_calibrated,1
0,1,0,1,0,0,0,1,0,0,32.2,f,no,no,Asian,Australia,toddlers,synthetic_calibrated,0
1,1,0,0,1,0,1,1,0,0,18.2,f,no,no,Pasifika,Australia,adolescents,synthetic_calibrated,0
1,0,1,1,1,0,1,0,1,1,30.5,m,yes,no,South Asian,Others,toddlers,synthetic_calibrated,1
0,0,1,0,0,0,0,0,1,1,20.3,f,no,no,Pasifika,UAE,adults,synthetic_calibrated,0
1,1,0,1,1,0,1,1,0,1,22.3,m,no,no,Middle Eastern,Canada,children,synthetic_calibrated,0
1,0,0,0,0,0,1,1,0,0,12.8,m,no,no,Others,Saudi Arabia,children,synthetic_calibrated,0
1,1,1,1,1,1,0,1,1,0,36.9,f,no,no,Middle Eastern,New Zealand,adolescents,synthetic_calibrated,1
1,1,1,0,1,1,0,1,1,1,12.5,m,no,no,Asian,Others,adults,synthetic_calibrated,1
0,1,0,0,0,0,1,1,0,0,30.4,m,no,no,Pasifika,Others,children,synthetic_calibrated,0
1,0,1,1,1,1,0,1,1,0,53.0,f,no,no,White-European,Unknown,adults,uci_real,1
1,1,0,0,0,0,1,1,0,0,32.0,f,no,no,Latino,Unknown,adults,uci_real,0
0,0,1,0,0,0,0,0,0,0,55.0,m,no,no,White-European,Unknown,adults,uci_real,0
1,0,0,1,1,0,0,1,0,0,27.0,m,no,no,Asian,Unknown,adults,uci_real,0
1,1,1,0,1,1,0,0,0,1,4.0,f,yes,no,White-European,Unknown,children,uci_real,0
1,1,1,0,0,0,0,0,0,0,21.0,f,no,no,Asian,Unknown,adults,uci_real,0
1,1,0,0,1,0,0,1,0,0,32.0,f,no,no,South Asian,Australia,children,synthetic_calibrated,0
1,1,0,0,0,0,1,1,0,0,16.6,f,no,no,Black,New Zealand,adults,synthetic_calibrated,0
1,1,1,0,1,0,1,1,1,1,4.0,m,yes,no,White-European,Unknown,children,uci_real,1
1,1,1,1,1,1,1,1,1,1,38.5,m,no,no,South Asian,Australia,adults,synthetic_calibrated,1
1,0,1,0,1,0,0,1,0,0,36.9,m,no,no,Hispanic,India,adolescents,synthetic_calibrated,0
1,0,0,1,1,1,0,1,0,1,1.7,f,no,no,Hispanic,Canada,adults,synthetic_calibrated,1
0,0,0,0,0,0,0,0,0,0,40.0,m,no,no,White-European,Unknown,adults,uci_real,0
0,1,0,0,0,0,0,0,0,0,21.4,f,no,no,Others,India,adults,synthetic_calibrated,0
1,0,1,1,1,0,1,1,1,1,4.0,f,yes,no,White-European,Unknown,children,uci_real,1
1,0,0,0,1,0,1,0,0,0,12.9,f,no,no,White-European,India,children,synthetic_calibrated,0
1,0,0,0,1,0,0,1,0,0,10.1,f,yes,no,Asian,New Zealand,toddlers,synthetic_calibrated,0
1,0,0,0,0,0,1,0,1,1,13.3,m,no,no,Latino,Others,adults,synthetic_calibrated,0
0,0,1,1,1,1,1,0,1,0,42.4,f,no,no,South Asian,Australia,children,synthetic_calibrated,1
1,1,0,0,1,0,0,1,0,0,33.7,f,no,no,Latino,Others,adults,synthetic_calibrated,0
1,1,0,0,0,0,0,1,0,0,26.0,f,no,no,Pasifika,Unknown,adults,uci_real,0
1,0,0,0,1,0,0,1,0,0,27.7,m,no,no,Latino,Australia,adults,synthetic_calibrated,0
1,0,0,0,1,0,0,1,0,0,6.1,f,no,no,Pasifika,Saudi Arabia,adults,synthetic_calibrated,0
0,0,1,1,0,0,0,1,0,1,28.3,m,no,no,Hispanic,New Zealand,toddlers,synthetic_calibrated,0
1,1,1,0,1,1,0,0,0,1,21.5,m,no,no,Pasifika,India,children,synthetic_calibrated,1
1,0,0,0,1,1,1,1,1,1,9.0,m,no,no,White-European,Unknown,children,uci_real,1
1,0,0,0,0,0,0,0,0,1,22.8,f,no,no,Latino,Canada,adolescents,synthetic_calibrated,0
1,1,0,1,1,1,1,1,0,0,21.0,m,no,no,Hispanic,Unknown,adults,uci_real,1
0,0,0,0,0,0,1,1,0,1,28.0,f,no,no,Asian,Unknown,adults,uci_real,0
0,1,0,0,1,0,1,1,0,0,37.0,m,no,no,White-European,Unknown,adults,uci_real,0
1,0,1,1,0,1,0,0,1,1,27.2,m,no,no,Middle Eastern,United States,adults,synthetic_calibrated,0
1,1,1,1,1,1,0,1,1,1,1.0,m,no,no,Asian,New Zealand,children,synthetic_calibrated,1
1,0,1,0,0,0,1,1,0,0,24.4,f,no,no,Hispanic,India,adults,synthetic_calibrated,0
1,1,1,1,0,0,0,1,0,1,24.7,f,no,no,Others,India,children,synthetic_calibrated,0
1,0,0,1,1,0,0,1,0,0,27.8,m,no,no,Pasifika,United States,children,synthetic_calibrated,0
0,1,0,0,1,1,1,1,0,1,22.0,f,no,no,Asian,United Kingdom,adolescents,synthetic_calibrated,0
1,0,0,0,1,0,1,0,0,1,18.4,f,no,no,Latino,Australia,children,synthetic_calibrated,0
1,1,1,1,1,1,1,1,1,1,47.0,m,no,no,White-European,Unknown,adults,uci_real,1
1,1,1,0,1,0,1,1,1,1,24.3,f,no,no,Black,UAE,children,synthetic_calibrated,1
0,1,1,0,0,0,0,1,0,0,24.0,f,yes,no,nan,Unknown,adults,uci_real,0
0,1,1,1,1,0,0,0,1,1,6.5,m,no,no,Others,UAE,adolescents,synthetic_calibrated,0
1,0,0,1,0,0,0,0,0,1,30.4,f,no,no,Others,Canada,adolescents,synthetic_calibrated,0
0,0,0,1,0,0,1,1,1,0,25.8,m,no,no,Black,Saudi Arabia,toddlers,synthetic_calibrated,0
0,0,1,1,1,1,0,0,1,0,5.6,m,no,no,Black,Saudi Arabia,adolescents,synthetic_calibrated,0
1,0,0,0,0,0,1,1,1,1,34.1,m,no,no,Black,Saudi Arabia,adults,synthetic_calibrated,0
1,1,1,1,1,1,1,1,1,1,12.0,m,no,no,Asian,United Kingdom,children,synthetic_calibrated,1
1,1,1,1,1,1,0,1,1,1,28.6,f,no,no,Others,Saudi Arabia,adults,synthetic_calibrated,1
1,1,1,1,1,1,1,1,1,1,35.0,f,no,no,Black,Unknown,adults,uci_real,1
1,0,0,0,0,0,1,1,0,1,30.5,m,no,no,White-European,United States,children,synthetic_calibrated,0
0,1,0,1,0,0,0,1,0,1,36.9,f,no,no,Asian,Others,toddlers,synthetic_calibrated,0
1,0,0,0,0,0,0,0,0,0,15.5,m,no,no,Pasifika,Saudi Arabia,toddlers,synthetic_calibrated,0
1,0,0,0,1,1,0,1,0,1,25.0,m,no,no,Asian,Unknown,adults,uci_real,0
0,1,1,1,1,0,0,0,0,0,32.1,m,no,no,White-European,United Kingdom,adults,synthetic_calibrated,0
0,0,0,0,1,0,0,1,0,1,8.9,m,no,no,Pasifika,United States,adults,synthetic_calibrated,0
0,0,0,1,1,0,0,0,0,0,40.9,f,no,no,Middle Eastern,United Kingdom,adults,synthetic_calibrated,0
1,1,1,1,1,1,1,1,1,0,47.0,f,no,no,White-European,UAE,children,synthetic_calibrated,1
1,0,1,1,0,0,0,1,0,0,38.1,m,no,no,Black,Saudi Arabia,adults,synthetic_calibrated,0
1,1,0,1,1,0,1,1,0,1,1.0,m,no,no,Others,Others,adolescents,synthetic_calibrated,1
0,0,0,0,0,0,1,1,0,1,1.8,f,no,no,Black,Canada,adolescents,synthetic_calibrated,0
1,0,0,0,1,0,0,0,0,1,42.0,f,no,no,White-European,Unknown,adults,uci_real,0
1,0,1,1,1,1,1,0,0,1,43.6,f,no,no,Middle Eastern,Saudi Arabia,adolescents,synthetic_calibrated,1
1,1,0,0,0,0,0,1,0,0,30.0,f,no,no,Asian,Unknown,adults,uci_real,0
1,1,1,1,1,1,1,1,0,1,9.5,m,no,no,Middle Eastern,Australia,children,synthetic_calibrated,1
0,1,0,0,1,1,0,0,0,1,9.4,f,no,no,Pasifika,India,children,synthetic_calibrated,0
1,1,1,1,1,1,1,1,1,1,4.0,f,no,yes,Asian,Unknown,children,uci_real,1
0,0,1,1,1,0,0,1,0,0,40.9,m,no,no,Pasifika,Saudi Arabia,adults,synthetic_calibrated,0
1,0,0,1,0,0,0,0,0,0,14.0,m,no,no,Hispanic,Canada,adults,synthetic_calibrated,0
1,1,0,0,1,0,0,1,0,0,31.3,m,no,no,Hispanic,UAE,toddlers,synthetic_calibrated,0
0,1,1,0,1,1,1,1,0,0,8.0,m,yes,no,Other,Qatar,child,uci_real,0
0,1,1,1,0,0,0,0,0,1,35.0,f,yes,no,White-European,Unknown,adults,uci_real,0
1,0,1,1,1,1,1,1,1,1,33.6,m,no,no,Hispanic,Canada,adults,synthetic_calibrated,1
0,0,1,1,1,1,1,0,1,0,20.1,m,yes,no,White-European,Canada,adolescents,synthetic_calibrated,0
1,1,1,1,1,1,1,1,1,1,28.5,f,no,no,Pasifika,UAE,children,synthetic_calibrated,1
1,0,1,0,0,1,1,0,0,1,7.8,m,no,no,South Asian,United States,adults,synthetic_calibrated,0
1,0,1,1,0,0,1,1,0,0,25.0,m,no,no,Others,Unknown,adults,uci_real,0
1,1,0,1,0,0,0,1,0,1,42.0,m,yes,no,Latino,Unknown,adults,uci_real,0
1,1,1,1,1,1,1,0,1,1,39.0,f,no,no,White-European,Unknown,adults,uci_real,1
0,0,0,0,1,1,0,0,0,1,10.7,f,no,no,Middle Eastern,United States,children,synthetic_calibrated,0
0,1,1,0,1,0,0,0,0,0,21.6,f,yes,no,Others,United States,adults,synthetic_calibrated,0
1,0,1,1,1,1,1,1,1,0,9.0,f,no,no,'Middle Eastern ',Unknown,children,uci_real,1
0,0,1,0,0,0,0,1,0,1,36.0,f,no,no,Middle Eastern,United States,adolescents,synthetic_calibrated,0
1,1,1,0,0,0,0,1,0,0,10.5,f,no,no,South Asian,New Zealand,adults,synthetic_calibrated,0
1,0,1,0,0,0,0,0,0,0,19.0,f,no,no,'Middle Eastern ',Unknown,adults,uci_real,0
1,1,1,1,1,1,1,0,1,1,42.0,m,no,no,White-European,Unknown,adults,uci_real,1
0,1,0,1,1,1,1,1,1,1,14.3,f,yes,no,Asian,United States,adults,synthetic_calibrated,0
1,0,1,0,1,1,0,1,1,1,4.0,m,no,yes,Black,Unknown,children,uci_real,1
0,1,1,1,1,1,0,0,0,1,4.0,m,no,no,White-European,Unknown,children,uci_real,0
1,0,1,1,0,0,1,1,1,1,1.0,f,no,no,White-European,India,children,synthetic_calibrated,1
0,0,0,1,0,0,1,1,0,0,17.3,m,no,no,Middle Eastern,UAE,adolescents,synthetic_calibrated,0
1,0,1,1,0,0,0,1,1,1,30.6,m,no,no,South Asian,Canada,adolescents,synthetic_calibrated,0
1,0,1,1,1,1,1,0,1,1,1.5,m,no,no,Asian,Australia,toddlers,synthetic_calibrated,1
0,1,0,0,0,0,0,0,1,1,30.4,m,no,no,Hispanic,Australia,children,synthetic_calibrated,0
1,1,1,1,1,1,1,0,1,1,8.5,f,no,no,Middle Eastern,Canada,children,synthetic_calibrated,1
1,0,1,1,1,1,1,1,1,1,26.5,f,no,no,Middle Eastern,UAE,toddlers,synthetic_calibrated,1
1,0,0,1,0,0,0,1,0,1,33.6,m,no,no,Hispanic,United Kingdom,adults,synthetic_calibrated,0
1,1,0,0,1,1,0,0,1,1,1.0,f,no,no,Hispanic,United States,children,synthetic_calibrated,0
1,0,1,0,1,1,0,0,0,1,21.1,m,no,no,South Asian,Canada,children,synthetic_calibrated,0
0,1,0,0,0,0,0,1,0,0,44.0,f,no,no,Hispanic,Australia,adults,synthetic_calibrated,0
1,1,1,1,0,1,0,0,0,0,24.0,f,no,no,Pasifika,Unknown,adults,uci_real,0
1,1,0,0,0,1,0,0,1,1,15.7,f,no,no,Others,New Zealand,children,synthetic_calibrated,0
1,0,0,1,1,0,1,0,0,1,20.0,m,no,no,'Middle Eastern ',Unknown,adults,uci_real,0
1,0,1,1,0,0,1,1,1,1,17.0,m,no,no,nan,Unknown,adults,uci_real,1
0,1,0,0,0,0,1,1,0,0,30.7,m,no,no,Middle Eastern,United Kingdom,children,synthetic_calibrated,0
0,0,0,1,1,1,1,1,0,1,4.7,m,no,no,Black,United Kingdom,adults,synthetic_calibrated,0
1,0,0,0,1,0,1,0,0,1,20.0,m,no,no,'Middle Eastern ',Unknown,adults,uci_real,0
1,0,1,1,1,1,1,0,0,1,29.1,f,no,no,Black,Others,children,synthetic_calibrated,1
1,1,1,1,1,1,1,0,0,1,11.5,f,no,no,Middle Eastern,United Kingdom,children,synthetic_calibrated,1
0,1,0,1,1,0,1,1,1,1,6.2,m,no,no,South Asian,Canada,children,synthetic_calibrated,1
1,1,1,1,1,1,1,1,1,1,6.0,f,no,no,Black,Unknown,children,uci_real,1
1,0,0,0,0,0,1,0,1,0,34.7,m,no,no,South Asian,Saudi Arabia,children,synthetic_calibrated,0
0,1,1,1,0,0,0,1,0,1,42.2,m,no,no,Pasifika,United States,adolescents,synthetic_calibrated,0
0,0,1,1,1,0,1,0,0,0,24.0,m,no,no,Pasifika,Unknown,adults,uci_real,0
0,0,1,0,0,0,0,0,0,1,4.0,m,no,yes,Black,Unknown,children,uci_real,0
1,1,1,0,1,0,0,1,1,0,28.7,f,no,no,Middle Eastern,Others,adults,synthetic_calibrated,1
1,1,0,1,0,0,1,0,0,0,35.0,f,no,no,White-European,Unknown,adults,uci_real,0
1,1,0,0,1,1,0,1,0,1,25.8,m,no,no,Black,India,adults,synthetic_calibrated,0
1,1,1,0,0,0,0,0,1,1,4.0,f,no,no,Black,Unknown,children,uci_real,0
1,0,0,0,0,0,1,1,1,0,25.9,m,no,no,Asian,UAE,adolescents,synthetic_calibrated,0
1,0,1,1,1,0,0,0,0,0,19.0,m,no,no,White-European,United States,children,synthetic_calibrated,0
1,0,0,1,0,0,0,1,0,1,30.0,m,no,no,Asian,Unknown,adults,uci_real,0
0,0,0,0,1,1,0,0,1,0,22.4,f,no,no,Black,United Kingdom,adults,synthetic_calibrated,0
1,1,1,1,0,0,1,0,0,0,35.3,f,no,no,Hispanic,New Zealand,adults,synthetic_calibrated,0
0,0,1,1,1,0,0,0,0,1,19.0,f,yes,no,nan,Unknown,adults,uci_real,0
1,1,1,0,1,0,0,1,0,0,10.9,m,no,no,South Asian,Canada,toddlers,synthetic_calibrated,0
0,1,0,0,1,1,0,1,0,1,11.2,f,no,no,Pasifika,India,children,synthetic_calibrated,0
1,1,0,0,0,0,0,1,0,1,37.0,f,no,no,White-European,Unknown,adults,uci_real,0
0,1,1,1,1,1,1,0,1,1,28.1,m,no,no,Middle Eastern,Australia,adults,synthetic_calibrated,1
1,1,1,1,1,0,0,0,1,0,16.9,f,no,no,South Asian,UAE,adults,synthetic_calibrated,0
0,0,0,0,1,1,1,1,1,0,23.6,m,yes,no,Hispanic,UAE,children,synthetic_calibrated,0
1,0,1,1,1,0,1,1,0,1,19.0,f,no,no,'Middle Eastern ',Unknown,adults,uci_real,1
1,0,1,1,1,1,0,0,1,1,24.5,m,no,no,White-European,New Zealand,adults,synthetic_calibrated,0
0,0,0,0,0,0,1,0,0,0,41.6,f,no,no,South Asian,Others,adults,synthetic_calibrated,0
1,1,1,1,1,1,1,1,1,1,13.4,f,no,no,Hispanic,United States,children,synthetic_calibrated,1
1,0,0,1,0,1,1,1,1,1,nan,m,no,no,nan,Unknown,children,uci_real,1
1,0,1,1,0,0,0,0,0,0,61.0,f,no,no,White-European,Unknown,adults,uci_real,0
1,1,1,0,1,1,1,1,0,1,5.7,m,no,no,Latino,United Kingdom,adults,synthetic_calibrated,1
1,0,0,0,0,0,0,0,0,0,37.0,f,no,no,'Middle Eastern ',Unknown,adults,uci_real,0
1,1,1,1,1,1,0,1,0,1,13.8,m,no,no,Asian,Canada,toddlers,synthetic_calibrated,1
0,0,0,1,1,1,0,0,0,1,16.4,m,no,no,Latino,New Zealand,adults,synthetic_calibrated,0
0,1,1,1,0,0,0,1,1,0,29.0,f,no,no,Asian,Unknown,adults,uci_real,0
1,1,1,1,1,1,1,1,1,1,7.8,f,yes,no,White-European,New Zealand,adults,synthetic_calibrated,1
1,0,1,1,1,1,0,0,1,1,25.6,f,no,no,Others,United Kingdom,children,synthetic_calibrated,1
1,1,1,0,0,1,0,0,0,1,5.0,m,yes,no,'Middle Eastern ',Unknown,children,uci_real,0
1,1,0,1,0,0,1,0,0,0,45.8,f,no,no,White-European,Saudi Arabia,adults,synthetic_calibrated,0
1,0,0,0,0,0,1,1,0,1,29.9,m,no,no,Pasifika,India,adolescents,synthetic_calibrated,0
1,1,1,0,0,0,0,0,1,1,29.9,m,yes,no,Middle Eastern,Others,toddlers,synthetic_calibrated,0
1,1,1,1,0,1,1,1,1,1,20.6,f,no,no,Black,United States,children,synthetic_calibrated,1
1,0,0,0,1,0,1,1,0,0,1.0,m,no,no,Middle Eastern,Canada,adults,synthetic_calibrated,0
1,0,1,1,0,0,0,0,1,1,16.7,m,no,no,Middle Eastern,Australia,adolescents,synthetic_calibrated,0
0,0,0,0,1,0,0,1,0,0,32.0,f,no,no,South Asian,United States,adults,synthetic_calibrated,0
1,1,1,0,1,0,1,0,1,1,8.7,m,yes,no,Hispanic,Saudi Arabia,children,synthetic_calibrated,0
0,1,0,0,1,1,1,0,0,0,8.4,f,yes,no,Pasifika,Others,children,synthetic_calibrated,0
0,0,0,0,0,0,0,1,0,1,26.0,m,no,no,Asian,Unknown,adults,uci_real,0
1,1,0,1,1,0,0,1,1,1,50.4,m,no,no,Black,Canada,adults,synthetic_calibrated,1
1,1,1,1,0,0,1,0,0,0,14.4,m,yes,no,Hispanic,United States,children,synthetic_calibrated,0
0,1,1,1,1,0,1,1,0,1,8.0,m,yes,no,Asian,UAE,adults,synthetic_calibrated,1
1,1,1,1,0,0,0,1,0,0,42.3,f,yes,no,Middle Eastern,UAE,adults,synthetic_calibrated,0
1,0,0,1,1,0,1,0,0,1,38.0,f,no,no,White-European,Unknown,adults,uci_real,0
1,1,1,0,0,0,1,0,1,1,8.3,m,yes,no,Asian,Saudi Arabia,adults,synthetic_calibrated,0
0,1,0,1,1,0,0,1,0,0,24.2,m,no,no,Pasifika,India,toddlers,synthetic_calibrated,0
0,0,1,0,0,0,1,1,0,1,23.0,m,yes,no,White-European,United States,adults,synthetic_calibrated,0
1,0,0,0,0,0,1,1,0,1,6.1,m,no,no,Pasifika,Others,adolescents,synthetic_calibrated,0
1,0,0,1,1,1,0,0,0,1,9.1,f,yes,no,Middle Eastern,United States,children,synthetic_calibrated,0
1,1,0,0,0,0,0,0,0,0,47.1,m,no,no,White-European,Saudi Arabia,children,synthetic_calibrated,0
1,1,1,1,1,1,0,1,0,0,21.4,f,yes,no,Latino,India,children,synthetic_calibrated,1
0,1,0,0,0,0,0,1,0,0,12.2,m,no,no,Asian,New Zealand,toddlers,synthetic_calibrated,0
1,0,1,0,0,0,1,1,0,0,21.0,m,no,no,Pasifika,Australia,adults,synthetic_calibrated,0
1,1,1,1,1,0,0,0,1,0,30.0,m,no,no,Asian,Unknown,adults,uci_real,0
0,0,1,0,0,0,1,1,0,1,10.0,f,yes,no,Middle Eastern,UAE,adults,synthetic_calibrated,0
1,0,0,0,1,1,1,0,0,0,23.0,f,no,no,Middle Eastern,UAE,adults,synthetic_calibrated,0
1,1,1,1,0,1,0,1,1,1,4.0,m,yes,no,Asian,Unknown,children,uci_real,1
1,0,1,1,1,0,0,1,1,1,19.7,m,no,no,Hispanic,Saudi Arabia,adults,synthetic_calibrated,0
1,0,1,1,1,1,0,1,1,1,50.1,f,no,no,Black,Canada,adults,synthetic_calibrated,1
1,1,1,0,1,0,0,0,0,0,3.3,m,no,no,Others,United States,children,synthetic_calibrated,0
1,0,1,0,1,1,1,0,1,0,12.1,m,no,no,White-European,United States,children,synthetic_calibrated,0
1,0,0,0,0,0,0,0,0,0,22.0,m,no,no,'South Asian',Unknown,adults,uci_real,0
1,1,1,1,1,1,1,0,1,1,8.0,m,yes,no,White-European,Unknown,children,uci_real,1
1,1,0,0,0,1,0,0,1,0,16.3,f,no,no,South Asian,India,adolescents,synthetic_calibrated,0
0,0,0,0,1,0,1,1,0,1,15.5,f,no,no,Middle Eastern,United States,children,synthetic_calibrated,0
0,0,0,0,1,0,0,1,0,1,53.9,f,no,no,Pasifika,Saudi Arabia,toddlers,synthetic_calibrated,0
1,0,0,0,0,0,1,0,0,1,28.3,f,no,no,Hispanic,United States,children,synthetic_calibrated,0
1,1,0,0,0,0,1,1,0,0,14.9,m,no,no,Middle Eastern,New Zealand,adolescents,synthetic_calibrated,0
0,0,1,1,0,0,0,0,0,0,7.0,m,no,yes,White-European,Unknown,children,uci_real,0
1,1,0,1,1,1,0,1,0,1,25.0,m,yes,no,Others,Australia,adults,synthetic_calibrated,0
1,0,0,0,1,0,1,0,0,1,7.0,f,yes,yes,White-European,Unknown,children,uci_real,0
1,1,1,1,1,1,1,0,1,1,11.0,f,no,no,White-European,Unknown,children,uci_real,1
0,1,1,0,0,0,1,0,0,1,24.2,m,no,no,Pasifika,New Zealand,adults,synthetic_calibrated,0
1,0,0,1,1,0,0,1,0,1,22.0,f,no,no,White-European,Unknown,adults,uci_real,0
0,0,0,0,1,0,0,0,0,0,14.9,m,yes,no,Asian,New Zealand,adults,synthetic_calibrated,0
0,0,1,1,0,0,0,1,0,0,37.3,f,no,no,Asian,Australia,toddlers,synthetic_calibrated,0
1,0,1,1,1,1,0,1,0,1,10.0,m,no,no,Black,Australia,adults,synthetic_calibrated,1
0,0,1,1,1,0,0,1,0,0,40.5,f,no,no,Latino,United Kingdom,adults,synthetic_calibrated,0
1,0,1,1,1,1,1,1,1,1,34.8,f,no,no,Others,United Kingdom,adults,synthetic_calibrated,1
1,1,0,0,1,0,0,1,0,1,25.0,m,no,no,Others,Canada,adults,synthetic_calibrated,0
1,0,1,1,1,1,0,0,1,1,8.0,f,no,yes,'Middle Eastern ',Unknown,children,uci_real,1
1,1,1,0,0,1,0,0,0,0,1.9,f,no,no,Middle Eastern,United Kingdom,adolescents,synthetic_calibrated,0
1,0,0,0,0,1,0,0,0,0,4.4,f,no,no,Others,United Kingdom,adults,synthetic_calibrated,0
1,1,1,1,1,1,0,1,0,1,1.0,m,yes,no,Others,Canada,adults,synthetic_calibrated,1
1,1,1,1,1,0,1,1,0,1,27.0,f,no,no,Latino,Saudi Arabia,adults,synthetic_calibrated,0
1,1,0,1,0,1,1,1,0,1,8.2,m,no,no,Hispanic,Saudi Arabia,children,synthetic_calibrated,1
0,1,1,0,1,1,1,0,0,0,4.0,m,yes,no,Others,Unknown,children,uci_real,0
0,0,0,0,0,0,0,0,0,0,26.0,m,no,no,Others,Unknown,adults,uci_real,0
1,0,1,1,1,1,0,1,1,1,28.0,f,no,no,White-European,Unknown,adults,uci_real,1
0,1,0,0,0,0,0,0,0,1,42.6,m,no,no,Others,India,children,synthetic_calibrated,0
0,0,1,0,0,0,0,0,0,1,20.0,m,no,no,'Middle Eastern ',Unknown,adults,uci_real,0
1,0,1,1,1,1,0,1,0,1,12.1,f,no,no,Middle Eastern,New Zealand,children,synthetic_calibrated,0
1,0,1,1,1,1,1,0,1,1,41.2,f,no,no,South Asian,United Kingdom,children,synthetic_calibrated,1
1,1,1,1,1,1,0,1,0,1,3.3,f,yes,no,Pasifika,Saudi Arabia,children,synthetic_calibrated,1
1,1,1,1,1,1,1,0,1,1,10.1,f,no,no,Middle Eastern,United Kingdom,adults,synthetic_calibrated,1
1,1,1,1,1,1,1,0,1,1,32.0,f,no,no,Black,Unknown,adults,uci_real,1
0,0,0,0,1,1,1,1,1,1,34.5,m,no,no,South Asian,United Kingdom,adults,synthetic_calibrated,1
1,1,1,1,1,1,1,0,1,1,19.0,f,yes,no,White-European,Unknown,adults,uci_real,1
1,1,1,1,1,1,1,1,1,0,32.2,f,no,no,White-European,India,children,synthetic_calibrated,1
0,1,1,0,0,0,0,1,0,1,23.0,f,no,no,'Middle Eastern ',Unknown,adults,uci_real,0
0,1,0,0,0,1,0,0,0,1,24.5,m,no,no,Middle Eastern,India,children,synthetic_calibrated,0
0,1,0,1,0,0,0,1,1,0,39.0,f,no,no,Middle Eastern,India,adults,synthetic_calibrated,0
1,0,0,0,0,0,0,0,0,0,24.4,f,no,no,White-European,Canada,toddlers,synthetic_calibrated,0
0,1,1,1,1,1,0,1,0,1,4.0,m,no,no,Asian,Unknown,children,uci_real,1
0,1,0,1,1,1,1,0,0,1,18.0,f,no,no,'Middle Eastern ',Unknown,adults,uci_real,0
1,0,1,0,1,1,1,1,1,1,18.4,m,no,no,South Asian,Canada,adults,synthetic_calibrated,1
1,1,0,1,0,0,1,0,0,0,19.3,m,no,no,Pasifika,Canada,children,synthetic_calibrated,0
1,1,0,0,1,0,0,0,0,0,14.7,f,no,no,Hispanic,Saudi Arabia,adolescents,synthetic_calibrated,0
1,1,0,1,1,1,0,0,0,0,1.0,m,no,no,South Asian,India,children,synthetic_calibrated,0
0,0,0,0,1,0,1,1,0,1,23.5,f,no,no,Asian,Saudi Arabia,children,synthetic_calibrated,0
1,0,1,1,1,1,1,1,1,1,8.4,m,no,no,South Asian,Others,adults,synthetic_calibrated,1
1,1,1,1,1,1,0,1,0,1,25.5,f,no,no,South Asian,India,adolescents,synthetic_calibrated,0
0,1,0,0,1,0,0,0,0,0,14.2,f,no,no,Pasifika,Canada,toddlers,synthetic_calibrated,0
1,0,1,1,1,1,0,1,1,1,24.0,m,no,no,Asian,Unknown,adults,uci_real,1
1,1,0,0,1,1,1,1,0,1,1.0,m,yes,no,Latino,United States,children,synthetic_calibrated,0
1,1,1,1,1,1,1,1,1,1,46.0,m,no,no,White-European,Unknown,adults,uci_real,1
0,0,0,0,1,0,1,1,0,1,33.3,f,no,no,Black,United States,children,synthetic_calibrated,0
1,0,0,0,0,0,0,0,0,1,30.0,f,no,no,Hispanic,Saudi Arabia,adolescents,synthetic_calibrated,0
1,0,1,0,0,0,1,1,0,0,18.0,m,no,no,Hispanic,Others,children,synthetic_calibrated,0
0,0,0,0,0,0,0,1,0,0,48.0,m,no,no,Black,Unknown,adults,uci_real,0
0,0,0,0,1,0,1,1,0,0,29.9,f,no,no,Black,United States,adolescents,synthetic_calibrated,0
1,1,1,1,1,0,1,0,1,0,47.0,f,yes,no,White-European,Unknown,adults,uci_real,1
0,0,0,0,0,0,0,0,0,1,19.2,f,no,no,Asian,New Zealand,children,synthetic_calibrated,0
1,1,1,0,0,0,1,0,0,1,27.3,f,no,no,South Asian,Canada,adults,synthetic_calibrated,0
1,0,1,0,0,1,0,0,0,1,26.2,m,no,no,Pasifika,Others,adults,synthetic_calibrated,0
1,0,1,0,1,1,0,1,1,1,1.0,m,no,no,Others,Australia,children,synthetic_calibrated,1
1,0,0,0,1,1,0,0,0,0,16.2,m,no,no,Asian,Canada,adults,synthetic_calibrated,0
1,1,1,1,1,1,0,1,0,1,37.1,f,yes,no,Black,Others,toddlers,synthetic_calibrated,1
1,0,0,0,1,1,0,1,1,0,13.3,m,yes,no,Asian,United Kingdom,toddlers,synthetic_calibrated,0
1,0,1,1,0,1,1,1,1,1,24.7,m,yes,no,Black,Australia,children,synthetic_calibrated,1
0,1,1,0,0,0,0,0,0,0,17.5,m,no,no,South Asian,New Zealand,adolescents,synthetic_calibrated,0
1,1,1,1,0,0,1,0,0,0,23.0,m,no,no,'Middle Eastern ',Unknown,adults,uci_real,0
1,0,1,0,0,1,1,0,0,1,18.5,m,no,no,South Asian,United States,toddlers,synthetic_calibrated,0
0,1,0,1,1,0,1,1,0,1,21.4,f,no,no,Middle Eastern,UAE,toddlers,synthetic_calibrated,0
1,1,1,1,1,1,0,0,1,1,6.5,m,no,no,Middle Eastern,UAE,toddlers,synthetic_calibrated,1
1,1,1,1,1,1,0,1,0,1,18.7,f,yes,no,White-European,United Kingdom,children,synthetic_calibrated,1
0,1,0,0,0,1,0,0,0,1,9.0,f,no,yes,White-European,Unknown,children,uci_real,0
1,0,1,0,1,0,1,0,0,1,2.8,m,no,no,Black,Australia,adults,synthetic_calibrated,1
1,0,1,0,1,0,1,0,0,0,10.0,m,no,no,South Asian,Others,children,synthetic_calibrated,0
1,1,1,1,1,1,0,1,1,1,55.4,m,no,no,Latino,Australia,children,synthetic_calibrated,1
1,1,0,0,1,0,0,1,0,0,21.4,f,no,no,Hispanic,India,children,synthetic_calibrated,0
1,0,1,1,1,0,1,1,1,1,13.7,f,no,no,Black,Canada,adults,synthetic_calibrated,1
1,0,0,0,0,0,0,1,0,0,30.8,m,no,no,White-European,UAE,toddlers,synthetic_calibrated,0
0,0,0,0,0,1,0,1,0,1,14.3,m,yes,no,Pasifika,Australia,toddlers,synthetic_calibrated,0
0,1,1,0,1,1,0,0,0,1,26.9,m,yes,no,Latino,UAE,children,synthetic_calibrated,1
1,1,0,1,0,0,0,0,0,1,20.0,f,no,no,'Middle Eastern ',Unknown,adults,uci_real,0
0,1,1,0,1,1,0,0,0,1,25.7,m,no,no,Asian,Others,children,synthetic_calibrated,0
1,0,1,0,0,0,0,1,0,1,28.5,m,no,no,Latino,Others,children,synthetic_calibrated,0
0,1,0,0,1,1,0,0,0,0,20.0,m,no,no,nan,Unknown,adults,uci_real,0
1,1,1,1,1,1,0,0,1,1,31.8,m,yes,no,Hispanic,UAE,children,synthetic_calibrated,1
1,0,0,1,1,0,1,1,1,1,20.0,f,no,no,White-European,Unknown,adults,uci_real,1
1,1,1,1,1,1,1,1,1,1,8.0,m,no,no,White-European,Unknown,children,uci_real,1
0,0,0,0,1,1,0,1,0,1,19.5,f,no,no,Latino,New Zealand,adolescents,synthetic_calibrated,0
0,0,1,1,0,0,1,0,0,1,36.1,f,no,no,White-European,Australia,children,synthetic_calibrated,0
1,0,1,1,1,0,1,1,0,0,25.9,f,no,no,Middle Eastern,UAE,adults,synthetic_calibrated,0
1,0,1,1,1,1,1,0,0,1,12.9,f,no,no,Others,Canada,children,synthetic_calibrated,0
0,0,1,0,1,1,1,1,1,1,5.0,m,no,no,'South Asian',Unknown,children,uci_real,1
1,0,0,0,1,0,0,1,0,0,29.2,f,no,no,South Asian,India,adults,synthetic_calibrated,0
0,0,0,0,1,0,0,1,0,0,29.7,f,no,no,Pasifika,India,toddlers,synthetic_calibrated,0
0,1,1,0,1,1,0,1,0,0,14.3,m,no,no,Hispanic,United Kingdom,adults,synthetic_calibrated,0
1,0,1,1,1,1,0,1,0,1,21.3,f,no,no,White-European,UAE,adolescents,synthetic_calibrated,1
0,1,0,0,1,1,0,0,0,0,2.7,m,no,no,Latino,India,adults,synthetic_calibrated,0
1,1,1,1,1,1,1,1,1,1,25.0,f,no,no,Black,Others,children,synthetic_calibrated,1
1,1,0,1,0,0,0,0,1,0,4.0,f,no,no,Hispanic,United Kingdom,adults,synthetic_calibrated,0
0,0,1,1,0,0,1,0,0,0,14.9,m,no,no,Latino,India,children,synthetic_calibrated,0
1,1,1,1,0,1,0,1,1,1,21.2,f,no,no,South Asian,United States,adults,synthetic_calibrated,0
1,0,0,0,1,0,0,1,0,1,6.0,f,no,no,White-European,Unknown,children,uci_real,0
1,0,0,0,1,0,0,1,0,1,24.7,m,no,no,Others,Australia,children,synthetic_calibrated,0
1,1,0,0,0,0,0,1,0,1,39.2,f,no,no,Middle Eastern,UAE,adults,synthetic_calibrated,0
0,1,1,0,1,1,0,0,0,1,9.7,f,no,no,Asian,Saudi Arabia,adolescents,synthetic_calibrated,0
1,0,1,0,1,0,1,1,0,1,2.1,m,yes,no,South Asian,United Kingdom,children,synthetic_calibrated,0
1,1,0,0,1,1,0,1,0,1,27.2,f,no,no,Others,UAE,children,synthetic_calibrated,1
1,0,1,1,1,1,1,0,1,0,28.0,m,no,no,'South Asian',Unknown,adults,uci_real,1
1,1,0,1,1,1,1,1,1,1,25.0,m,no,no,Latino,Saudi Arabia,adults,synthetic_calibrated,1
0,1,1,0,0,0,0,0,0,0,18.2,m,no,no,Black,India,children,synthetic_calibrated,0
1,0,1,1,1,1,0,1,0,1,43.2,f,no,no,Black,Canada,children,synthetic_calibrated,1
0,1,0,0,1,0,0,0,0,0,35.5,m,no,no,Middle Eastern,Others,adults,synthetic_calibrated,0
0,1,0,0,0,0,0,1,0,0,18.0,f,yes,no,Pasifika,Saudi Arabia,adolescents,synthetic_calibrated,0
1,1,0,1,0,1,1,0,1,1,31.5,f,no,no,Others,New Zealand,children,synthetic_calibrated,1
1,1,1,0,1,1,1,1,1,1,9.8,m,yes,no,Asian,India,adolescents,synthetic_calibrated,1
1,0,0,0,1,0,0,1,0,0,21.0,m,no,no,nan,Unknown,adults,uci_real,0
0,1,0,0,1,0,1,0,0,0,12.0,m,no,no,South Asian,Canada,children,synthetic_calibrated,0
1,1,0,0,0,0,1,1,0,0,24.0,f,no,no,Others,New Zealand,adults,synthetic_calibrated,0
1,0,0,0,0,0,0,1,0,0,36.9,f,no,no,Latino,Canada,toddlers,synthetic_calibrated,0
1,0,0,0,0,0,0,1,0,1,47.0,m,no,no,nan,Unknown,adults,uci_real,0
0,0,0,0,0,1,1,0,0,0,18.1,m,no,no,Middle Eastern,UAE,children,synthetic_calibrated,0
1,1,0,0,0,0,0,1,0,0,26.9,m,no,no,White-European,United Kingdom,children,synthetic_calibrated,0
0,1,1,0,1,1,0,0,1,1,20.7,m,no,no,Black,Australia,adults,synthetic_calibrated,1
0,1,0,1,0,0,0,0,0,0,48.4,m,no,no,Black,UAE,adults,synthetic_calibrated,0
0,0,0,0,0,0,1,1,1,0,25.7,f,no,no,Latino,United States,children,synthetic_calibrated,0
1,0,0,0,0,0,1,1,0,1,28.0,f,no,no,White-European,Unknown,adults,uci_real,0
1,1,1,1,1,1,1,1,1,1,20.1,m,no,no,Others,United Kingdom,toddlers,synthetic_calibrated,1
0,1,1,1,0,0,0,0,0,0,44.4,m,yes,no,White-European,Others,children,synthetic_calibrated,0
0,0,0,0,0,0,1,1,0,1,33.9,m,no,no,Latino,Saudi Arabia,children,synthetic_calibrated,0
1,1,1,1,1,0,1,1,1,1,46.7,f,no,no,Pasifika,India,children,synthetic_calibrated,1
1,1,1,0,1,1,1,1,0,1,4.9,m,yes,no,Asian,Saudi Arabia,toddlers,synthetic_calibrated,1
1,0,1,1,0,0,0,0,0,1,34.0,f,no,no,White-European,Unknown,adults,uci_real,0
1,1,1,1,1,0,1,1,1,1,14.9,m,no,no,Pasifika,United Kingdom,toddlers,synthetic_calibrated,0
0,1,0,1,0,0,0,1,0,1,35.9,m,no,no,White-European,Saudi Arabia,adults,synthetic_calibrated,0
0,0,0,1,0,0,0,1,0,1,43.0,m,no,no,Latino,Canada,children,synthetic_calibrated,0
0,0,1,0,1,0,1,0,1,0,8.7,f,no,no,Latino,Saudi Arabia,toddlers,synthetic_calibrated,0
0,0,0,1,1,0,0,1,0,0,16.2,m,no,no,Others,UAE,children,synthetic_calibrated,0
0,1,0,0,0,0,0,0,0,0,49.0,f,yes,no,'Middle Eastern ',Unknown,adults,uci_real,0
1,1,1,1,1,0,1,1,1,1,9.6,m,no,no,Asian,Australia,children,synthetic_calibrated,1
1,1,1,1,1,1,1,1,1,1,44.0,m,no,no,White-European,Unknown,adults,uci_real,1
1,0,0,1,0,1,0,0,0,0,4.0,m,no,no,White-European,Unknown,children,uci_real,0
0,0,0,0,1,0,0,1,0,1,13.4,f,no,no,Pasifika,India,adolescents,synthetic_calibrated,0
1,0,0,1,0,1,0,0,0,0,21.4,f,no,no,Asian,United Kingdom,toddlers,synthetic_calibrated,0
1,0,0,0,0,0,0,1,0,0,37.5,f,no,no,Asian,India,adults,synthetic_calibrated,0
0,1,1,0,1,0,0,1,0,0,27.0,m,no,no,White-European,Unknown,adults,uci_real,0
0,0,1,0,0,1,0,0,1,1,6.0,m,yes,no,Pasifika,Unknown,children,uci_real,0
0,0,1,1,0,0,1,0,0,1,39.6,f,no,no,White-European,Canada,children,synthetic_calibrated,0
1,1,1,0,0,0,1,0,0,1,32.2,f,no,no,Pasifika,Saudi Arabia,toddlers,synthetic_calibrated,0
1,1,1,1,1,1,1,1,1,1,1.9,m,yes,no,Latino,UAE,adults,synthetic_calibrated,1
1,0,1,0,0,0,0,0,0,1,28.1,m,no,no,Middle Eastern,United States,toddlers,synthetic_calibrated,0
1,1,0,0,0,0,0,0,0,0,46.0,f,no,no,White-European,Unknown,adults,uci_real,0
1,1,1,0,0,0,1,0,0,0,24.8,m,no,no,Asian,Australia,adults,synthetic_calibrated,0
0,1,0,0,0,1,0,0,1,0,1.0,m,no,no,Pasifika,United Kingdom,children,synthetic_calibrated,0
1,0,0,0,1,0,0,0,1,1,39.0,f,no,no,White-European,Unknown,adults,uci_real,0
1,1,1,1,1,1,0,0,0,1,7.0,f,yes,no,Asian,Unknown,children,uci_real,1
0,0,1,1,0,1,0,1,1,0,9.0,f,no,no,nan,Unknown,children,uci_real,0
1,0,1,1,1,1,1,1,0,1,9.0,f,no,no,'Middle Eastern ',Unknown,children,uci_real,1
1,1,1,1,0,0,1,1,1,0,24.3,f,yes,no,Middle Eastern,United Kingdom,toddlers,synthetic_calibrated,1
0,0,0,0,0,1,1,0,0,1,24.3,m,no,no,Pasifika,United Kingdom,adolescents,synthetic_calibrated,0
0,0,1,1,0,0,1,0,0,1,20.0,m,no,no,Others,Unknown,adults,uci_real,0
1,0,0,0,0,0,1,1,0,1,9.5,f,yes,no,Asian,Saudi Arabia,toddlers,synthetic_calibrated,0
1,1,1,0,0,0,0,1,0,1,45.8,f,no,no,Asian,New Zealand,children,synthetic_calibrated,0
0,0,0,0,0,0,0,0,0,0,30.5,f,no,no,Black,Saudi Arabia,adults,synthetic_calibrated,0
0,0,1,1,1,0,0,0,0,1,34.0,m,no,no,Asian,Unknown,adults,uci_real,0
1,0,1,1,1,0,0,1,1,0,44.1,m,no,no,Middle Eastern,New Zealand,adults,synthetic_calibrated,0
1,0,0,0,1,1,0,1,0,0,25.0,f,no,no,'South Asian',Unknown,adults,uci_real,0
1,0,1,1,1,0,0,0,0,0,1.9,m,no,no,Middle Eastern,India,children,synthetic_calibrated,0
0,1,0,0,1,1,0,0,1,1,52.0,m,no,no,nan,Unknown,adults,uci_real,0
1,0,1,0,1,0,1,1,1,1,26.9,f,no,no,South Asian,India,children,synthetic_calibrated,1
1,1,1,1,0,0,0,0,0,1,1.0,m,no,no,Hispanic,UAE,children,synthetic_calibrated,0
1,1,0,1,0,0,0,1,0,0,36.5,f,no,no,Others,Australia,adults,synthetic_calibrated,0
0,1,0,0,0,1,1,1,1,1,6.0,f,no,no,Asian,Unknown,children,uci_real,0
1,0,0,1,0,0,0,1,0,1,20.4,m,no,no,Asian,Australia,children,synthetic_calibrated,0
1,1,0,0,0,0,0,0,0,0,18.0,f,no,no,'Middle Eastern ',Unknown,adults,uci_real,0
1,1,1,1,1,0,1,0,1,1,22.3,m,no,no,Asian,New Zealand,adults,synthetic_calibrated,1
1,1,0,1,0,0,0,0,0,1,37.0,f,no,no,White-European,Unknown,adults,uci_real,0
1,1,1,0,0,0,0,1,0,0,29.4,m,yes,no,Latino,India,children,synthetic_calibrated,0
0,0,1,0,0,1,1,0,0,0,25.5,m,no,no,Others,Saudi Arabia,adults,synthetic_calibrated,0
1,1,1,1,1,1,1,0,0,0,26.0,m,yes,no,White-European,Australia,children,synthetic_calibrated,1
0,0,0,0,1,1,0,1,0,1,1.0,f,no,no,Pasifika,United Kingdom,toddlers,synthetic_calibrated,0
1,1,1,1,1,1,1,1,1,1,31.0,f,no,no,Asian,Unknown,adults,uci_real,1
1,0,1,1,1,1,1,1,1,1,18.9,m,no,no,Hispanic,United States,children,synthetic_calibrated,1
1,0,0,1,1,1,0,0,0,1,8.6,f,no,no,South Asian,New Zealand,adolescents,synthetic_calibrated,0
1,0,0,1,1,0,1,1,1,1,19.0,m,no,no,Middle Eastern,Australia,adults,synthetic_calibrated,1
1,0,1,1,0,1,0,0,1,0,6.0,f,no,no,'South Asian',Unknown,children,uci_real,0
1,0,1,1,1,1,1,0,1,1,26.0,m,no,no,Black,Unknown,adults,uci_real,1
0,0,1,0,0,1,0,0,0,1,20.4,f,no,no,Others,UAE,adolescents,synthetic_calibrated,0
1,0,1,1,1,1,1,1,0,1,18.6,m,no,no,Hispanic,UAE,adults,synthetic_calibrated,1
0,1,0,0,0,0,0,1,1,1,21.0,m,no,no,White-European,Unknown,adults,uci_real,0
1,0,1,1,1,1,0,1,1,1,11.4,f,yes,no,South Asian,Canada,children,synthetic_calibrated,1
1,1,1,0,1,0,1,1,0,1,7.8,m,no,no,White-European,Canada,children,synthetic_calibrated,1
1,0,0,1,1,1,1,1,1,1,19.3,f,no,no,Asian,Australia,toddlers,synthetic_calibrated,0
0,1,0,0,1,0,0,0,0,0,21.2,m,no,no,South Asian,Others,toddlers,synthetic_calibrated,0
1,1,0,0,1,0,1,0,0,0,13.0,f,no,no,Middle Eastern,Others,adults,synthetic_calibrated,0
0,0,0,1,1,1,1,1,1,0,4.0,m,no,no,Asian,Unknown,children,uci_real,0
0,1,1,0,0,1,1,1,0,1,10.0,f,no,no,White-European,Unknown,children,uci_real,0
0,0,1,0,0,0,0,1,0,0,4.0,m,no,no,Pasifika,New Zealand,children,synthetic_calibrated,0
1,1,0,1,1,0,0,0,0,0,29.0,m,no,no,Turkish,Unknown,adults,uci_real,0
0,1,1,0,0,0,1,0,0,0,38.6,f,no,no,South Asian,Australia,children,synthetic_calibrated,0
1,1,1,0,0,0,0,1,0,0,26.4,m,no,no,Latino,New Zealand,adults,synthetic_calibrated,0
1,1,1,1,1,1,1,0,1,1,19.2,f,no,no,Middle Eastern,Australia,children,synthetic_calibrated,1
1,1,0,1,0,0,0,0,0,1,28.4,m,no,no,Latino,Saudi Arabia,toddlers,synthetic_calibrated,0
1,0,0,1,0,0,0,1,0,1,32.4,f,no,no,Hispanic,United Kingdom,children,synthetic_calibrated,0
0,0,0,0,0,0,0,1,0,1,22.3,m,no,no,South Asian,United Kingdom,children,synthetic_calibrated,0
0,0,0,0,1,0,0,1,0,1,18.1,m,no,no,Asian,Australia,children,synthetic_calibrated,0
0,1,1,1,1,0,1,1,0,1,5.0,m,no,no,nan,Unknown,children,uci_real,1
0,1,1,1,1,1,1,0,0,0,1.0,m,no,no,White-European,India,adults,synthetic_calibrated,0
1,1,1,1,1,0,1,0,1,1,42.6,f,no,no,Middle Eastern,Saudi Arabia,adults,synthetic_calibrated,1
0,1,1,0,0,1,0,1,1,1,4.0,f,yes,no,White-European,Unknown,children,uci_real,0
0,1,0,0,1,0,1,1,1,1,23.1,m,no,no,White-European,Canada,adolescents,synthetic_calibrated,1
1,0,1,1,1,1,1,1,1,1,21.1,f,no,no,Asian,UAE,children,synthetic_calibrated,1
0,1,1,1,1,1,0,1,1,1,21.6,f,no,no,Pasifika,Others,children,synthetic_calibrated,1
1,1,0,0,0,0,0,0,0,1,43.6,m,no,no,Pasifika,Canada,adolescents,synthetic_calibrated,0
1,1,1,1,0,0,0,1,0,1,40.0,f,no,no,White-European,Canada,adolescents,synthetic_calibrated,0
1,0,0,1,1,0,1,1,1,1,22.0,m,no,no,Asian,Unknown,adults,uci_real,1
1,0,0,1,0,0,0,1,0,0,42.2,f,no,no,Asian,UAE,adults,synthetic_calibrated,0
1,0,1,1,1,1,1,1,1,1,26.3,m,no,no,South Asian,Saudi Arabia,adults,synthetic_calibrated,1
1,0,0,0,0,0,1,1,0,1,44.4,f,no,no,Hispanic,Australia,adults,synthetic_calibrated,0
1,0,0,0,1,0,1,1,0,1,37.3,f,no,no,Middle Eastern,New Zealand,children,synthetic_calibrated,0
1,1,1,1,1,0,1,1,1,1,40.5,f,yes,no,Hispanic,Others,adults,synthetic_calibrated,1
0,0,0,0,1,1,1,1,1,1,22.0,m,yes,no,Latino,New Zealand,adults,synthetic_calibrated,0
1,0,1,0,1,1,0,0,0,1,17.4,m,no,no,Others,UAE,adults,synthetic_calibrated,1
0,1,0,0,0,0,0,1,0,0,20.0,f,no,no,'Middle Eastern ',Unknown,adults,uci_real,0
1,1,1,1,1,1,1,0,1,1,5.8,m,yes,no,Middle Eastern,UAE,children,synthetic_calibrated,1
0,0,0,0,1,1,1,1,0,0,22.8,m,no,no,Latino,Saudi Arabia,toddlers,synthetic_calibrated,0
1,0,0,0,1,0,1,0,0,1,8.7,m,no,no,Black,Australia,children,synthetic_calibrated,0
0,1,1,0,1,1,1,0,0,1,2.3,m,yes,no,Hispanic,Canada,adults,synthetic_calibrated,0
1,0,1,1,0,0,0,0,0,0,36.8,m,no,no,Asian,UAE,children,synthetic_calibrated,0
0,0,0,0,0,0,1,1,0,1,26.1,m,no,no,Pasifika,New Zealand,children,synthetic_calibrated,0
1,0,1,0,1,1,1,1,1,1,7.2,f,no,no,Others,New Zealand,children,synthetic_calibrated,1
0,1,0,0,0,0,0,0,1,0,15.8,m,no,no,White-European,New Zealand,adults,synthetic_calibrated,0
1,0,1,0,0,0,0,0,0,1,35.6,m,no,no,Asian,Canada,children,synthetic_calibrated,0
0,0,1,0,1,0,0,0,0,1,17.2,m,yes,no,South Asian,Saudi Arabia,toddlers,synthetic_calibrated,0
0,0,0,1,1,1,1,1,1,1,22.6,f,no,no,Middle Eastern,United Kingdom,children,synthetic_calibrated,1
0,1,1,0,0,0,0,0,0,1,3.9,m,no,no,White-European,United Kingdom,children,synthetic_calibrated,0
1,1,0,0,1,0,1,1,0,1,39.8,m,no,no,Asian,United States,adults,synthetic_calibrated,0
1,0,1,0,1,0,0,0,0,1,5.7,f,no,no,White-European,United States,toddlers,synthetic_calibrated,0
1,0,1,0,0,0,0,1,1,1,23.3,f,no,no,Middle Eastern,New Zealand,adults,synthetic_calibrated,0
1,1,1,1,0,1,0,0,0,1,31.5,f,no,no,Black,India,adults,synthetic_calibrated,0
1,0,1,1,1,0,0,0,0,0,41.5,m,no,no,Middle Eastern,Canada,children,synthetic_calibrated,0
0,0,0,0,1,0,0,1,0,1,45.8,m,yes,no,Asian,United Kingdom,children,synthetic_calibrated,0
1,1,1,1,1,1,0,1,1,0,35.0,f,no,no,White-European,Unknown,adults,uci_real,1
1,1,1,0,1,1,1,1,0,0,37.5,m,no,no,Latino,India,children,synthetic_calibrated,1
1,0,0,1,0,0,1,1,0,0,6.7,f,no,no,Middle Eastern,Australia,adolescents,synthetic_calibrated,0
1,1,0,0,0,0,1,1,0,0,19.0,m,no,no,nan,Unknown,adults,uci_real,0
1,0,1,0,0,0,0,1,0,0,39.2,f,no,no,Hispanic,United Kingdom,children,synthetic_calibrated,0
0,0,1,0,1,1,1,1,1,0,1.0,m,no,no,Pasifika,Others,adults,synthetic_calibrated,0
1,1,1,0,1,0,1,0,0,1,31.1,f,no,no,Hispanic,United Kingdom,children,synthetic_calibrated,0
1,1,1,1,1,1,1,0,1,1,30.3,f,no,no,Pasifika,United States,adolescents,synthetic_calibrated,1
1,0,1,0,0,0,1,1,0,0,39.4,f,no,no,South Asian,UAE,adults,synthetic_calibrated,0
0,0,1,1,1,1,0,1,0,1,7.7,m,no,no,Hispanic,New Zealand,children,synthetic_calibrated,1
0,0,1,1,1,1,0,1,0,1,28.7,m,no,no,Hispanic,United Kingdom,toddlers,synthetic_calibrated,0
1,0,0,0,1,0,1,1,0,0,20.9,f,no,no,Pasifika,Australia,toddlers,synthetic_calibrated,0
1,0,1,0,0,0,0,1,0,1,53.0,m,no,no,Hispanic,Unknown,adults,uci_real,0
0,1,1,0,1,1,0,0,0,1,5.0,m,no,no,Asian,Unknown,children,uci_real,0
0,0,0,1,0,0,1,1,0,1,31.8,f,no,no,Others,Others,adults,synthetic_calibrated,0
1,0,1,0,1,0,0,1,0,0,9.1,f,yes,no,Latino,New Zealand,adults,synthetic_calibrated,0
1,1,0,0,1,1,0,1,0,1,27.0,f,yes,no,White-European,Unknown,adults,uci_real,0
1,1,0,1,0,0,0,0,1,0,25.2,m,no,no,Middle Eastern,Australia,children,synthetic_calibrated,0
1,0,0,0,1,0,1,0,0,1,9.0,m,no,yes,White-European,Unknown,children,uci_real,0
1,0,1,0,0,0,0,1,0,0,38.8,m,no,no,Others,New Zealand,adults,synthetic_calibrated,0
1,0,1,1,1,1,1,0,1,1,40.2,f,yes,no,Middle Eastern,United Kingdom,children,synthetic_calibrated,1
1,1,1,0,1,1,1,1,1,1,28.0,m,no,no,White-European,Unknown,adults,uci_real,1
0,1,0,1,0,1,0,1,0,1,22.0,m,yes,no,Others,United Kingdom,adults,synthetic_calibrated,0
0,0,1,1,0,0,0,1,0,1,16.0,f,no,no,Pasifika,United States,adults,synthetic_calibrated,0
1,0,1,1,1,1,1,1,0,0,27.7,m,no,no,Others,Canada,children,synthetic_calibrated,1
0,0,1,1,1,1,1,1,1,1,22.6,f,no,no,South Asian,UAE,adolescents,synthetic_calibrated,1
0,1,0,1,0,1,0,0,0,0,14.5,m,no,no,Pasifika,United Kingdom,adults,synthetic_calibrated,0
0,1,0,0,0,0,0,0,0,1,23.0,f,no,no,'South Asian',Unknown,adults,uci_real,0
0,1,0,0,1,0,0,1,0,0,4.0,f,no,no,nan,Unknown,children,uci_real,0
1,1,1,1,0,1,1,1,1,0,5.6,m,no,no,Latino,Australia,children,synthetic_calibrated,0
1,1,1,1,0,0,0,0,1,0,39.2,f,no,no,Pasifika,Saudi Arabia,adults,synthetic_calibrated,0
0,0,1,0,0,0,1,1,0,0,21.7,m,no,no,Middle Eastern,United States,children,synthetic_calibrated,0
1,0,0,0,1,0,0,1,0,1,19.1,f,no,no,Asian,India,adolescents,synthetic_calibrated,0
1,1,1,1,1,1,1,1,1,1,21.3,f,no,no,Latino,Saudi Arabia,adults,synthetic_calibrated,1
1,0,1,1,1,1,1,1,1,1,13.2,m,no,no,Asian,Others,toddlers,synthetic_calibrated,1
1,1,1,1,1,0,1,0,1,1,24.3,m,no,no,Black,United States,children,synthetic_calibrated,1
1,1,0,1,1,1,0,0,1,1,32.1,m,no,no,Latino,Saudi Arabia,toddlers,synthetic_calibrated,1
1,0,1,1,0,0,0,0,0,1,37.0,f,no,no,White-European,Unknown,adults,uci_real,0
1,0,1,1,0,0,0,0,0,0,31.4,m,no,no,Pasifika,United States,adolescents,synthetic_calibrated,0
0,0,0,1,1,0,0,1,1,0,19.0,m,no,no,'Middle Eastern ',Unknown,adults,uci_real,0
1,1,1,0,1,1,0,0,0,0,24.9,f,no,no,Hispanic,Australia,children,synthetic_calibrated,0
1,1,0,0,0,0,0,1,0,0,21.0,f,no,no,nan,Unknown,adults,uci_real,0
1,0,1,1,1,1,1,1,0,1,13.2,f,no,no,Black,Others,children,synthetic_calibrated,1
1,1,0,0,0,0,0,0,1,1,25.7,f,yes,no,Latino,New Zealand,children,synthetic_calibrated,0
0,0,1,0,1,1,1,0,1,1,4.0,m,no,no,Asian,Unknown,children,uci_real,0
1,0,0,0,0,0,1,1,0,0,49.8,m,no,no,Others,Canada,toddlers,synthetic_calibrated,0
1,0,1,0,0,1,0,1,0,1,18.0,m,yes,no,White-European,Unknown,adults,uci_real,0
1,0,0,0,0,0,0,0,0,0,33.0,m,no,no,White-European,Unknown,adults,uci_real,0
0,1,0,0,1,0,0,1,1,0,14.6,m,no,no,Pasifika,Others,adults,synthetic_calibrated,0
0,0,0,0,0,0,1,1,0,0,7.1,m,no,no,Hispanic,United States,children,synthetic_calibrated,0
0,0,1,0,1,0,0,0,0,1,7.0,m,no,no,Asian,Unknown,children,uci_real,0
1,1,1,1,0,0,0,0,0,1,19.0,f,no,no,White-European,Unknown,adults,uci_real,0
0,0,0,0,1,0,0,1,0,1,16.7,m,no,no,Others,New Zealand,toddlers,synthetic_calibrated,0
1,1,1,1,0,1,1,0,0,1,6.0,f,no,no,Asian,Unknown,children,uci_real,1
0,0,1,0,1,0,0,1,0,1,42.0,f,no,no,'Middle Eastern ',Unknown,adults,uci_real,0
0,0,0,0,1,0,0,1,0,1,20.0,m,no,no,'Middle Eastern ',Unknown,adults,uci_real,0
1,0,0,0,1,1,1,0,0,1,2.9,m,no,no,Pasifika,Others,toddlers,synthetic_calibrated,0
1,1,1,1,1,1,0,1,1,1,5.9,m,no,no,Latino,Australia,children,synthetic_calibrated,1
1,0,0,0,0,0,0,0,0,0,21.0,m,no,no,nan,Unknown,adults,uci_real,0
1,0,1,0,0,1,1,0,0,1,1.0,m,yes,no,South Asian,India,toddlers,synthetic_calibrated,0
1,1,0,1,0,0,1,1,0,1,29.8,m,no,no,Latino,India,adults,synthetic_calibrated,0
1,1,1,0,0,1,0,1,1,1,35.8,m,no,no,Middle Eastern,Saudi Arabia,toddlers,synthetic_calibrated,1
1,1,1,1,1,1,0,0,1,1,18.4,f,no,no,Asian,New Zealand,children,synthetic_calibrated,1
0,1,1,1,1,1,0,1,0,1,1.0,f,no,no,Pasifika,Others,adults,synthetic_calibrated,1
0,1,0,0,1,0,0,0,0,1,7.1,f,no,no,Latino,United States,children,synthetic_calibrated,0
0,1,1,1,0,0,0,0,0,0,26.9,m,no,no,Latino,United States,children,synthetic_calibrated,0
1,0,0,0,0,0,0,1,0,1,23.5,f,no,no,Middle Eastern,Australia,adolescents,synthetic_calibrated,0
0,1,1,1,1,1,0,0,1,0,3.6,m,no,no,Black,India,adults,synthetic_calibrated,1
0,1,0,1,0,0,0,0,0,0,21.9,f,yes,no,Hispanic,United Kingdom,adults,synthetic_calibrated,0
0,0,1,0,0,0,0,1,0,0,34.9,m,no,no,Pasifika,United States,toddlers,synthetic_calibrated,0
1,1,0,0,0,0,0,0,0,1,36.4,f,no,no,Latino,United States,adolescents,synthetic_calibrated,0
1,1,1,1,0,1,1,0,0,0,8.9,f,no,no,Hispanic,Australia,adults,synthetic_calibrated,0
1,1,1,0,0,0,0,0,0,0,26.3,m,yes,no,Middle Eastern,Others,adults,synthetic_calibrated,0
0,1,1,0,1,1,0,0,0,1,22.9,f,no,no,Pasifika,United States,children,synthetic_calibrated,1
1,0,0,0,0,0,1,0,1,0,25.9,f,no,no,Hispanic,United Kingdom,adolescents,synthetic_calibrated,0
0,1,1,1,1,1,0,0,1,0,17.0,f,no,no,nan,Unknown,adults,uci_real,0
1,0,1,0,0,0,0,1,0,0,25.0,m,no,no,Asian,Unknown,adults,uci_real,0
1,0,0,0,0,0,1,1,0,1,37.0,f,yes,no,nan,Unknown,adults,uci_real,0
1,1,1,1,1,0,0,0,0,1,30.8,f,no,no,Latino,New Zealand,children,synthetic_calibrated,0
1,1,1,1,1,1,0,1,1,1,15.3,f,no,no,Asian,New Zealand,adults,synthetic_calibrated,1
1,1,1,1,1,0,1,1,0,0,14.1,m,no,no,Latino,United Kingdom,children,synthetic_calibrated,1
1,1,0,1,1,0,0,1,0,0,28.2,m,no,no,South Asian,Canada,adults,synthetic_calibrated,0
1,0,0,1,0,0,0,0,0,0,35.1,m,no,no,Middle Eastern,UAE,children,synthetic_calibrated,0
0,0,0,0,1,0,1,0,0,0,15.1,m,no,no,Middle Eastern,Canada,toddlers,synthetic_calibrated,0
1,0,0,0,1,0,1,0,0,1,5.0,m,no,no,'South Asian',Unknown,children,uci_real,0
0,0,0,1,0,0,0,0,1,0,18.2,m,no,no,Asian,Canada,children,synthetic_calibrated,0
1,1,1,0,0,0,0,0,1,0,23.4,m,no,no,Hispanic,Saudi Arabia,children,synthetic_calibrated,0
1,1,1,0,0,1,1,1,0,0,20.5,m,yes,no,White-European,Others,adolescents,synthetic_calibrated,0
1,0,1,0,0,0,1,1,1,1,31.7,m,no,no,Black,Others,adults,synthetic_calibrated,0
1,1,0,1,1,0,1,0,0,1,22.3,f,no,no,White-European,Saudi Arabia,children,synthetic_calibrated,0
1,0,0,0,1,1,1,0,1,1,36.7,m,no,no,Latino,United States,toddlers,synthetic_calibrated,1
0,0,1,0,1,0,1,0,0,0,4.0,f,yes,yes,Others,Unknown,children,uci_real,0
1,1,1,0,0,0,0,0,0,1,8.8,f,no,no,Hispanic,Canada,adolescents,synthetic_calibrated,0
1,0,0,0,1,0,1,0,0,0,18.3,f,no,no,Black,New Zealand,children,synthetic_calibrated,0
1,1,1,0,1,1,1,1,0,1,11.1,m,no,no,White-European,Others,children,synthetic_calibrated,0
1,0,0,0,0,0,1,1,1,0,31.1,m,no,no,Pasifika,Canada,adults,synthetic_calibrated,0
1,1,1,1,1,1,0,1,0,0,3.8,m,no,no,Pasifika,New Zealand,adolescents,synthetic_calibrated,1
1,1,0,0,1,1,0,1,1,0,40.0,f,yes,no,Black,Unknown,adults,uci_real,0
0,1,0,0,0,0,0,0,0,0,14.5,f,no,no,Middle Eastern,Australia,adults,synthetic_calibrated,0
0,0,0,0,1,0,0,1,0,1,24.0,f,no,no,Asian,Canada,children,synthetic_calibrated,0
1,1,1,1,1,1,0,1,1,0,23.2,f,no,no,Black,United Kingdom,toddlers,synthetic_calibrated,1
0,0,0,0,1,0,1,0,1,1,21.5,m,no,no,Others,New Zealand,adults,synthetic_calibrated,0
0,0,0,0,1,0,0,0,0,0,20.3,m,no,no,Others,New Zealand,adults,synthetic_calibrated,0
1,1,0,1,1,1,1,1,1,1,55.2,f,no,no,Others,United Kingdom,children,synthetic_calibrated,1
1,0,0,1,0,0,0,1,0,0,42.8,f,no,no,South Asian,United States,adolescents,synthetic_calibrated,0
0,0,0,0,0,0,1,0,0,0,17.4,f,no,no,Black,Saudi Arabia,adults,synthetic_calibrated,0
1,0,0,0,1,0,0,1,0,1,46.5,f,no,no,Others,United States,children,synthetic_calibrated,0
1,1,0,0,0,0,1,1,0,0,44.5,m,no,no,Hispanic,New Zealand,adults,synthetic_calibrated,0
1,1,1,0,1,1,0,1,0,1,4.0,m,no,no,nan,Unknown,children,uci_real,1
1,1,0,1,1,0,1,1,1,0,4.8,m,yes,no,Pasifika,New Zealand,toddlers,synthetic_calibrated,1
1,0,0,0,1,0,0,0,0,0,21.9,m,no,no,Asian,United States,adults,synthetic_calibrated,0
1,1,1,1,1,1,0,0,0,1,31.0,m,no,no,Others,UAE,children,synthetic_calibrated,1
0,0,1,1,0,0,0,0,0,0,33.1,f,no,no,Middle Eastern,Canada,adults,synthetic_calibrated,0
1,1,1,0,1,0,1,0,0,0,5.0,f,no,no,White-European,Unknown,children,uci_real,0
0,0,0,0,0,0,0,0,1,1,24.8,m,yes,no,Middle Eastern,New Zealand,toddlers,synthetic_calibrated,0
0,0,1,1,1,1,1,1,1,0,1.0,f,yes,no,Hispanic,Canada,children,synthetic_calibrated,1
1,0,0,0,1,1,0,0,0,0,24.3,f,no,no,Latino,Saudi Arabia,adolescents,synthetic_calibrated,0
0,0,0,1,1,1,0,0,1,0,25.1,m,no,no,Middle Eastern,Australia,children,synthetic_calibrated,0
0,0,0,0,0,0,1,0,0,0,24.5,f,no,no,Latino,Saudi Arabia,adults,synthetic_calibrated,0
1,1,0,0,0,0,1,1,0,1,20.0,m,no,no,Asian,United Kingdom,adolescents,synthetic_calibrated,0
1,0,1,0,1,0,1,1,1,0,20.0,m,no,no,nan,Unknown,adults,uci_real,0
1,0,0,0,1,1,1,0,1,1,38.7,m,no,no,Black,United States,adolescents,synthetic_calibrated,1
1,1,1,1,0,1,0,1,0,1,8.0,m,yes,no,Other,Jordan,child,uci_real,1
1,1,0,1,1,0,1,0,1,1,33.5,m,no,no,White-European,Others,children,synthetic_calibrated,1
0,1,0,1,1,0,0,0,0,0,19.0,f,no,no,'Middle Eastern ',Unknown,adults,uci_real,0
1,1,1,1,0,1,1,1,0,1,23.9,f,no,no,Middle Eastern,Saudi Arabia,children,synthetic_calibrated,1
1,0,0,0,1,0,0,1,0,0,22.8,m,no,no,Others,India,children,synthetic_calibrated,0
1,0,1,1,1,1,1,1,0,1,5.0,m,no,no,Black,Unknown,children,uci_real,1
0,0,1,0,1,1,1,1,1,1,4.9,f,no,no,Middle Eastern,Saudi Arabia,adolescents,synthetic_calibrated,1
0,1,1,1,1,1,0,1,0,1,16.0,m,yes,no,Others,New Zealand,adolescents,synthetic_calibrated,1
1,1,1,1,1,1,1,1,1,1,61.0,m,yes,no,White-European,Unknown,adults,uci_real,1
1,0,1,1,1,1,1,1,1,1,37.0,f,no,no,White-European,Unknown,adults,uci_real,1
1,1,0,0,0,0,0,1,0,0,24.0,m,no,no,Asian,Unknown,adults,uci_real,0
0,1,0,1,1,1,0,0,0,1,23.7,m,yes,no,South Asian,Australia,adults,synthetic_calibrated,0
0,0,1,0,0,0,0,0,0,1,27.2,f,no,no,Hispanic,Saudi Arabia,toddlers,synthetic_calibrated,0
1,1,1,1,1,0,0,1,0,1,23.0,f,no,no,Asian,Unknown,adults,uci_real,1
0,0,1,0,1,1,0,0,1,1,12.2,f,no,no,Others,Others,children,synthetic_calibrated,0
0,1,0,1,0,0,1,0,0,1,23.8,f,no,no,Middle Eastern,Canada,children,synthetic_calibrated,0
0,1,0,1,0,0,1,0,0,0,42.0,m,no,no,South Asian,United Kingdom,toddlers,synthetic_calibrated,0
1,1,1,1,1,1,1,0,1,0,5.0,m,yes,no,White-European,Unknown,children,uci_real,1
1,0,1,1,1,1,1,1,1,1,33.7,f,yes,no,Others,Saudi Arabia,adults,synthetic_calibrated,1
0,0,0,0,0,0,0,0,0,0,36.3,f,no,no,Pasifika,Saudi Arabia,children,synthetic_calibrated,0
1,1,0,1,0,1,0,0,0,0,20.7,m,no,no,Hispanic,Canada,adults,synthetic_calibrated,0
1,0,1,0,1,1,0,0,0,0,8.0,m,no,no,White-European,Unknown,children,uci_real,0
1,0,1,0,0,0,1,1,1,1,33.6,m,no,no,White-European,India,children,synthetic_calibrated,0
1,1,1,1,1,0,1,1,1,1,14.4,m,yes,no,Middle Eastern,Australia,children,synthetic_calibrated,1
0,0,1,0,0,0,0,1,0,0,32.0,f,no,no,Latino,India,children,synthetic_calibrated,0
1,1,1,1,1,1,1,1,1,1,10.1,m,no,no,Pasifika,United States,children,synthetic_calibrated,1
0,0,0,0,0,0,0,0,0,1,26.6,f,no,no,Asian,Australia,toddlers,synthetic_calibrated,0
0,1,1,1,1,0,1,1,1,1,17.7,m,no,no,Middle Eastern,Canada,toddlers,synthetic_calibrated,1
1,0,1,1,0,0,1,1,0,1,9.3,m,no,no,Asian,Others,adults,synthetic_calibrated,1
0,1,1,0,1,1,1,0,1,1,32.0,f,no,no,Black,Unknown,adults,uci_real,1
0,0,1,0,0,0,0,1,0,1,29.6,m,no,no,Hispanic,Others,adults,synthetic_calibrated,0
1,0,0,0,0,0,1,1,0,1,8.5,m,no,no,Others,United Kingdom,adults,synthetic_calibrated,0
1,0,1,1,0,0,1,1,0,1,21.0,m,no,no,Others,Unknown,adults,uci_real,0
1,0,1,0,1,0,0,1,0,0,28.2,m,no,no,South Asian,UAE,adults,synthetic_calibrated,0
1,0,0,0,0,0,0,0,0,1,37.0,f,no,no,nan,Unknown,adults,uci_real,0
0,0,0,1,0,0,1,0,0,0,33.8,f,no,no,Middle Eastern,Saudi Arabia,children,synthetic_calibrated,0
1,0,0,0,0,0,1,1,0,0,50.0,m,no,no,Hispanic,United Kingdom,adults,synthetic_calibrated,0
1,0,1,1,1,1,1,1,0,1,45.0,m,no,no,Latino,Saudi Arabia,adolescents,synthetic_calibrated,1
1,0,0,1,0,0,1,1,1,1,38.4,m,no,no,White-European,Saudi Arabia,adults,synthetic_calibrated,0
1,0,1,0,1,0,1,1,0,1,41.0,m,yes,no,nan,Unknown,adults,uci_real,0
0,1,1,0,1,1,1,0,1,1,26.9,f,no,no,Middle Eastern,United States,children,synthetic_calibrated,0
1,1,1,1,1,0,1,0,1,0,35.5,m,no,no,South Asian,Canada,adolescents,synthetic_calibrated,1
1,0,1,0,1,0,0,1,1,0,24.7,f,no,no,Pasifika,New Zealand,adolescents,synthetic_calibrated,0
1,0,1,0,1,1,0,0,1,1,9.0,f,no,no,Latino,Saudi Arabia,children,synthetic_calibrated,0
1,0,0,1,0,0,1,0,0,1,22.0,m,no,no,'Middle Eastern ',Unknown,adults,uci_real,0
1,0,1,0,1,1,0,1,1,0,26.4,m,no,no,Latino,Canada,adults,synthetic_calibrated,1
0,1,1,1,1,1,1,1,1,1,36.3,f,yes,no,Others,United States,children,synthetic_calibrated,1
1,1,0,1,0,0,0,1,0,0,24.0,f,no,no,Pasifika,Saudi Arabia,adults,synthetic_calibrated,0
0,0,1,0,0,0,0,0,0,0,37.4,m,no,no,Pasifika,Canada,adolescents,synthetic_calibrated,0
1,1,1,1,1,1,1,1,0,0,34.9,m,no,no,Latino,New Zealand,toddlers,synthetic_calibrated,1
1,0,1,1,1,0,1,1,0,0,36.2,m,no,no,Pasifika,Others,adults,synthetic_calibrated,0
0,0,1,0,0,1,1,0,0,1,4.0,m,no,no,Asian,Unknown,children,uci_real,0
1,0,1,0,0,0,1,0,0,1,41.0,m,no,no,Asian,Unknown,adults,uci_real,0
1,1,0,0,0,0,1,0,1,0,26.4,m,no,no,White-European,United States,children,synthetic_calibrated,0
1,1,1,1,1,1,1,0,0,1,12.2,f,no,no,Latino,Others,children,synthetic_calibrated,1
1,1,1,1,1,1,1,0,1,1,1.0,f,yes,no,Asian,Australia,children,synthetic_calibrated,1
0,1,1,1,0,1,0,1,1,0,7.0,m,yes,no,White-European,Unknown,children,uci_real,0
1,0,0,0,1,0,0,1,1,0,23.0,f,no,no,Asian,Unknown,adults,uci_real,0
1,1,1,1,1,1,1,1,1,1,33.0,m,no,no,White-European,Unknown,adults,uci_real,1
1,0,0,0,0,0,0,0,0,1,23.2,f,no,no,Hispanic,Saudi Arabia,children,synthetic_calibrated,0
0,0,0,0,1,0,0,1,0,0,12.2,m,no,no,South Asian,Australia,children,synthetic_calibrated,0
1,1,1,1,1,0,1,0,0,1,20.5,f,no,no,Hispanic,UAE,children,synthetic_calibrated,1
0,0,0,0,0,0,0,1,0,0,56.0,m,no,no,nan,Unknown,adults,uci_real,0
1,0,0,1,0,0,1,1,0,0,44.4,m,no,no,Middle Eastern,United Kingdom,children,synthetic_calibrated,0
1,1,1,0,1,1,1,0,1,1,20.2,f,no,no,Latino,Canada,adults,synthetic_calibrated,1
0,0,0,0,0,1,0,1,0,0,19.0,f,no,no,nan,Unknown,adults,uci_real,0
0,1,1,0,1,0,1,1,1,1,31.3,f,no,no,Asian,United States,toddlers,synthetic_calibrated,1
0,0,0,1,0,0,0,1,0,0,35.9,m,no,no,South Asian,Others,adults,synthetic_calibrated,0
1,0,0,0,1,1,1,1,1,1,36.3,f,no,no,Asian,Australia,children,synthetic_calibrated,1
1,0,0,0,0,0,0,1,0,0,39.0,f,no,no,Asian,Unknown,adults,uci_real,0
0,1,1,0,0,0,0,1,0,0,12.4,m,no,no,Middle Eastern,United States,children,synthetic_calibrated,0
1,0,0,0,0,0,1,1,0,1,31.7,m,no,no,Others,United Kingdom,toddlers,synthetic_calibrated,0
0,0,1,0,1,1,1,0,1,1,17.1,m,no,no,Latino,Australia,children,synthetic_calibrated,1
0,0,1,0,1,0,0,0,0,0,41.9,f,no,no,Black,Canada,children,synthetic_calibrated,0
1,1,1,1,1,1,1,1,0,1,29.8,f,yes,no,Middle Eastern,UAE,toddlers,synthetic_calibrated,1
1,0,1,0,1,1,1,1,0,0,9.0,m,no,no,Asian,Unknown,children,uci_real,0
1,0,0,0,1,1,0,1,1,1,9.5,m,yes,no,Black,India,adolescents,synthetic_calibrated,0
1,0,0,0,0,0,0,0,1,1,26.0,m,no,no,Asian,Unknown,adults,uci_real,0
0,0,0,1,1,0,0,0,0,1,16.9,m,yes,no,Latino,United Kingdom,children,synthetic_calibrated,0
1,0,0,1,1,0,0,0,0,0,19.0,m,no,no,nan,Unknown,adults,uci_real,0
1,0,0,0,1,1,1,1,0,0,24.6,m,no,no,White-European,United Kingdom,children,synthetic_calibrated,0
1,1,1,1,1,1,1,1,1,1,5.8,m,yes,no,White-European,Saudi Arabia,adults,synthetic_calibrated,1
1,0,0,0,0,0,0,1,0,1,20.0,f,no,no,'Middle Eastern ',Unknown,adults,uci_real,0
1,0,1,1,1,1,1,1,1,1,39.5,m,no,no,Asian,Others,adults,synthetic_calibrated,1
1,1,0,1,0,1,0,1,0,0,38.3,m,no,no,South Asian,United Kingdom,adults,synthetic_calibrated,0
1,0,0,0,0,0,1,1,0,1,23.0,m,no,no,Turkish,Unknown,adults,uci_real,0
1,0,0,0,1,0,0,0,1,1,30.0,m,no,no,Asian,Unknown,adults,uci_real,0
1,0,0,1,1,1,1,0,0,1,12.9,f,no,no,Hispanic,India,adults,synthetic_calibrated,1
1,1,1,0,0,1,1,1,1,0,30.9,m,no,no,Black,India,children,synthetic_calibrated,1
1,0,0,0,1,0,1,1,0,0,28.0,f,no,no,White-European,Unknown,adults,uci_real,0
1,0,0,0,0,1,0,1,0,0,22.0,f,no,no,South Asian,United Kingdom,adults,synthetic_calibrated,0
1,1,1,1,1,1,1,1,1,0,45.6,m,no,no,Middle Eastern,UAE,toddlers,synthetic_calibrated,1
1,0,1,1,1,1,1,1,0,1,24.3,f,no,no,Pasifika,UAE,adults,synthetic_calibrated,1
1,1,1,1,1,1,1,1,1,1,32.7,f,no,no,South Asian,United Kingdom,adolescents,synthetic_calibrated,1
0,1,0,0,0,0,0,1,1,1,19.1,f,no,no,Black,United States,adolescents,synthetic_calibrated,0
1,0,1,1,1,1,1,1,1,0,34.7,f,no,no,Hispanic,Canada,children,synthetic_calibrated,1
1,0,0,1,1,0,1,1,0,1,20.0,f,no,no,Asian,Unknown,adults,uci_real,0
0,1,1,1,1,1,1,1,0,1,4.0,m,no,no,Asian,Unknown,children,uci_real,1
1,0,1,1,0,0,0,0,1,0,6.0,m,no,no,Asian,Unknown,children,uci_real,0
1,1,0,0,0,0,0,0,0,0,17.0,f,no,no,White-European,Unknown,adults,uci_real,0
1,1,1,1,1,1,0,1,1,1,42.0,m,no,no,White-European,Unknown,adults,uci_real,1
1,0,1,1,0,1,1,1,1,1,35.0,f,no,no,White-European,Unknown,adults,uci_real,1
1,0,1,0,0,0,1,1,0,0,22.0,f,no,no,nan,Unknown,adults,uci_real,0
1,1,1,1,0,0,0,0,0,0,29.7,f,yes,no,Asian,New Zealand,adults,synthetic_calibrated,0
1,0,1,1,1,1,1,1,1,0,10.5,f,yes,no,Hispanic,Australia,adults,synthetic_calibrated,1
0,1,0,0,0,0,0,0,0,0,13.8,m,no,no,Hispanic,UAE,adults,synthetic_calibrated,0
1,0,0,1,1,1,1,1,1,1,11.0,m,no,no,Hispanic,Unknown,children,uci_real,1
1,1,1,1,1,1,1,1,1,1,51.0,m,yes,no,White-European,Unknown,adults,uci_real,1
1,1,0,1,1,0,1,0,1,1,13.2,m,no,no,Pasifika,United Kingdom,adults,synthetic_calibrated,0
0,0,1,1,1,1,0,1,0,1,5.0,m,yes,no,nan,Unknown,children,uci_real,0
0,1,0,0,1,0,1,0,0,1,7.0,m,yes,no,nan,Unknown,children,uci_real,0
1,1,1,1,1,1,0,1,0,1,28.7,m,no,no,Pasifika,Australia,children,synthetic_calibrated,1
1,1,0,0,1,0,1,1,0,0,22.7,f,no,no,White-European,Saudi Arabia,adolescents,synthetic_calibrated,0
0,0,0,1,1,0,1,1,0,1,13.4,m,no,no,Black,New Zealand,children,synthetic_calibrated,1
1,0,0,0,0,0,0,1,1,1,35.8,m,no,no,Others,Others,toddlers,synthetic_calibrated,0
0,1,0,1,1,0,1,0,0,1,27.0,f,no,no,White-European,Australia,adults,synthetic_calibrated,0
0,1,0,0,1,0,1,0,0,1,30.0,f,no,no,Other,Jordan,adult,uci_real,0
1,0,0,0,1,1,1,0,1,0,45.3,f,no,no,South Asian,Others,children,synthetic_calibrated,1
1,0,1,1,0,1,0,0,0,0,21.6,f,no,no,South Asian,New Zealand,adults,synthetic_calibrated,0
1,0,0,0,1,0,1,0,0,1,17.1,m,no,no,Pasifika,United States,adults,synthetic_calibrated,0
1,1,1,1,1,0,0,0,1,0,22.9,f,no,no,White-European,United States,adults,synthetic_calibrated,1
1,0,0,1,1,1,1,1,1,1,6.8,f,yes,no,Black,India,adolescents,synthetic_calibrated,1
1,0,1,0,1,0,1,1,0,1,30.0,m,no,no,Asian,Unknown,adults,uci_real,0
1,0,0,1,1,1,1,1,1,1,19.6,m,no,no,Black,Saudi Arabia,children,synthetic_calibrated,1
0,0,0,1,0,1,0,1,0,0,38.2,m,no,no,Black,UAE,adults,synthetic_calibrated,0
1,1,1,1,1,1,0,0,1,1,25.0,f,no,no,Others,Unknown,adults,uci_real,1
0,1,1,0,0,0,0,0,0,0,34.7,m,no,no,Latino,United Kingdom,children,synthetic_calibrated,0
1,0,0,1,0,0,0,1,0,1,30.9,f,no,no,Asian,Others,adults,synthetic_calibrated,0
1,1,0,0,0,0,0,0,1,1,37.1,f,no,no,Middle Eastern,UAE,toddlers,synthetic_calibrated,0
0,0,0,1,0,1,1,1,1,1,22.1,f,no,no,Hispanic,Saudi Arabia,adolescents,synthetic_calibrated,1
0,1,1,0,0,0,0,0,1,0,23.5,f,no,no,Latino,New Zealand,adults,synthetic_calibrated,0
1,0,0,0,0,1,0,1,0,0,40.9,m,yes,no,Latino,United States,children,synthetic_calibrated,0
1,0,0,0,0,0,0,0,0,1,43.9,f,no,no,Others,United States,children,synthetic_calibrated,0
0,0,0,0,1,0,0,1,0,1,4.7,m,no,no,Middle Eastern,United Kingdom,adults,synthetic_calibrated,0
1,1,0,1,1,0,0,0,0,0,18.0,m,no,no,'Middle Eastern ',Unknown,adults,uci_real,0
1,0,0,1,1,1,1,1,0,1,12.4,m,no,no,Middle Eastern,United Kingdom,toddlers,synthetic_calibrated,1
1,0,0,1,1,0,1,1,1,1,6.8,f,yes,no,Middle Eastern,Others,adults,synthetic_calibrated,1
1,1,1,1,1,1,1,1,1,1,33.0,f,no,no,White-European,Unknown,adults,uci_real,1
1,1,1,1,1,0,0,0,0,1,46.0,f,no,no,Asian,Unknown,adults,uci_real,0
0,1,1,0,0,0,0,1,0,0,26.0,f,no,no,'South Asian',Unknown,adults,uci_real,0
1,0,1,1,1,1,1,0,1,0,28.4,f,no,no,Hispanic,Saudi Arabia,children,synthetic_calibrated,1
1,1,0,1,1,0,0,0,0,1,19.4,f,no,no,Latino,India,adolescents,synthetic_calibrated,0
1,0,1,1,1,1,1,1,1,1,35.0,f,yes,no,White-European,Unknown,adults,uci_real,1
1,0,0,0,0,0,0,0,0,1,37.0,m,yes,no,Middle Eastern,India,adolescents,synthetic_calibrated,0
1,0,1,0,1,1,1,1,0,1,21.3,f,no,no,Latino,New Zealand,adults,synthetic_calibrated,1
1,1,1,1,1,1,0,1,1,1,12.9,m,no,no,Pasifika,United Kingdom,children,synthetic_calibrated,1
1,1,0,1,0,1,0,1,0,1,24.7,m,no,no,Latino,Australia,children,synthetic_calibrated,0
1,0,1,1,1,1,0,1,0,1,39.5,f,no,no,Middle Eastern,Saudi Arabia,children,synthetic_calibrated,1
0,1,0,1,1,0,1,1,1,1,32.4,f,no,no,Middle Eastern,Canada,adolescents,synthetic_calibrated,1
1,0,0,1,1,1,1,0,0,1,23.9,f,no,no,Asian,United Kingdom,adults,synthetic_calibrated,1
1,0,0,0,1,0,1,0,0,1,39.0,f,no,no,White-European,Unknown,adults,uci_real,0
1,0,0,0,0,0,0,1,0,0,42.1,m,no,no,Hispanic,Others,children,synthetic_calibrated,0
1,1,0,0,1,0,0,1,0,1,18.3,m,no,no,Black,United States,children,synthetic_calibrated,0
0,1,0,0,0,0,0,0,0,0,24.2,m,no,no,Middle Eastern,India,adults,synthetic_calibrated,0
1,0,1,1,0,1,0,0,0,1,17.0,m,no,no,White-European,Unknown,adults,uci_real,0
0,1,1,1,1,1,1,1,1,1,5.0,f,yes,no,Latino,Unknown,children,uci_real,1
1,0,0,0,0,1,0,1,0,1,20.0,m,no,no,nan,Unknown,adults,uci_real,0
1,0,1,1,1,1,0,1,0,1,9.6,m,no,no,South Asian,New Zealand,adults,synthetic_calibrated,1
0,0,1,0,0,0,0,0,0,0,nan,m,no,no,'Middle Eastern ',Unknown,children,uci_real,0
1,1,1,1,1,0,0,0,0,0,17.2,f,no,no,Black,United Kingdom,adults,synthetic_calibrated,0
0,1,0,1,0,0,0,1,1,0,29.2,m,no,no,South Asian,Canada,children,synthetic_calibrated,0
1,0,1,1,1,1,1,1,1,1,20.2,f,no,no,Black,UAE,children,synthetic_calibrated,1
1,0,1,0,1,0,1,1,1,1,22.0,m,no,no,Black,Unknown,adults,uci_real,1
1,0,1,1,1,1,0,1,1,0,19.0,m,no,no,Hispanic,Unknown,adults,uci_real,1
1,0,0,1,0,0,0,0,0,1,23.1,m,no,no,Latino,Canada,adults,synthetic_calibrated,0
1,0,1,1,1,1,1,1,1,1,19.8,m,no,no,Latino,Others,adults,synthetic_calibrated,1
1,0,0,0,0,0,0,1,0,0,21.2,f,no,no,White-European,India,toddlers,synthetic_calibrated,0
1,1,0,1,1,0,0,1,1,1,25.0,f,no,no,White-European,Unknown,adults,uci_real,1
1,1,0,0,1,0,1,1,0,1,13.7,f,yes,no,Latino,India,adolescents,synthetic_calibrated,0
1,0,0,1,0,0,1,1,0,1,20.0,f,no,no,nan,Unknown,adults,uci_real,0
1,1,0,0,1,1,1,1,1,1,17.2,m,no,no,Pasifika,India,toddlers,synthetic_calibrated,1
0,0,0,1,0,0,1,1,1,0,31.2,m,no,no,Middle Eastern,Australia,adolescents,synthetic_calibrated,0
1,0,1,1,1,1,0,1,1,1,44.2,m,no,no,Black,Others,children,synthetic_calibrated,1
0,0,0,0,0,1,1,0,0,1,10.5,f,no,no,Black,UAE,adults,synthetic_calibrated,0
0,0,1,1,1,1,0,0,0,1,8.8,m,no,no,Hispanic,Others,adults,synthetic_calibrated,0
1,1,0,1,0,0,0,0,0,0,52.5,m,no,no,Pasifika,UAE,adults,synthetic_calibrated,0
1,0,0,0,1,0,1,1,1,1,23.0,f,no,no,Asian,Unknown,adults,uci_real,0
0,0,1,0,0,0,1,1,0,0,50.0,f,no,no,'Middle Eastern ',Unknown,adults,uci_real,0
1,1,1,0,1,0,0,0,0,0,20.0,f,no,no,Asian,Unknown,adults,uci_real,0
1,1,1,0,0,0,0,1,0,0,45.0,f,no,no,White-European,Unknown,adults,uci_real,0
0,1,1,0,0,0,1,1,0,1,35.4,m,no,no,Hispanic,India,children,synthetic_calibrated,0
0,0,1,1,0,0,1,0,0,1,27.5,m,no,no,Asian,UAE,children,synthetic_calibrated,0
1,1,1,1,1,0,1,1,0,0,25.0,m,no,no,Latino,Unknown,adults,uci_real,1
0,0,1,1,0,0,0,0,0,1,16.9,m,no,no,Asian,Australia,adolescents,synthetic_calibrated,0
0,0,1,1,1,0,0,0,0,0,29.9,f,no,no,White-European,New Zealand,adolescents,synthetic_calibrated,0
0,1,1,0,1,1,0,1,0,1,10.0,m,no,no,Black,Saudi Arabia,children,synthetic_calibrated,0
1,0,1,0,0,0,0,1,0,1,27.3,m,yes,no,Black,Australia,adults,synthetic_calibrated,0
0,1,0,0,0,0,0,0,1,1,50.0,f,no,no,nan,Unknown,adults,uci_real,0
1,1,0,0,0,0,1,0,0,1,36.7,m,no,no,Others,Others,children,synthetic_calibrated,0
1,0,0,0,0,0,0,0,0,1,34.2,f,no,no,Hispanic,New Zealand,children,synthetic_calibrated,0
1,1,1,0,1,0,1,0,0,0,26.0,m,no,no,White-European,Unknown,adults,uci_real,0
1,1,1,1,1,1,0,1,0,1,27.0,f,no,no,White-European,Unknown,adults,uci_real,1
1,1,1,0,1,1,1,0,1,1,48.4,f,no,no,South Asian,UAE,adults,synthetic_calibrated,1
0,0,0,0,0,0,0,1,0,1,36.1,f,no,no,White-European,New Zealand,adults,synthetic_calibrated,0
1,1,0,1,0,0,0,0,0,1,45.8,f,no,no,Others,Others,toddlers,synthetic_calibrated,0
1,0,0,1,0,0,1,1,0,1,16.8,m,no,no,Black,United States,adults,synthetic_calibrated,0
1,0,0,0,1,1,0,0,0,0,20.0,f,no,no,South Asian,Others,adults,synthetic_calibrated,0
1,0,1,0,1,1,1,1,0,1,7.0,m,no,no,Hispanic,Unknown,children,uci_real,1
1,0,0,1,0,0,1,1,0,0,21.0,m,no,no,nan,Unknown,adults,uci_real,0
1,1,0,1,0,1,1,0,1,1,34.2,m,no,no,White-European,Saudi Arabia,adolescents,synthetic_calibrated,0
1,1,1,0,0,0,0,1,1,0,32.5,f,no,no,Pasifika,UAE,children,synthetic_calibrated,0
0,0,1,0,1,0,1,1,0,0,18.6,m,no,no,South Asian,Canada,adults,synthetic_calibrated,0
0,1,1,1,1,1,1,1,0,1,1.0,m,no,no,White-European,Saudi Arabia,children,synthetic_calibrated,1
0,1,1,0,0,1,0,0,0,1,6.2,f,yes,no,Middle Eastern,United States,adults,synthetic_calibrated,0
1,0,0,0,0,0,1,1,0,1,28.0,m,no,no,White-European,Unknown,adults,uci_real,0
1,0,1,1,0,0,1,1,1,0,21.0,f,no,no,nan,Unknown,adults,uci_real,0
1,1,0,1,1,1,1,1,1,1,24.3,f,no,no,South Asian,Others,adults,synthetic_calibrated,1
0,0,1,1,0,0,1,1,0,1,32.0,m,yes,no,nan,Unknown,adults,uci_real,0
0,0,0,0,0,0,1,0,0,0,10.0,m,no,yes,'Middle Eastern ',Unknown,children,uci_real,0
0,1,1,0,1,1,1,0,0,1,1.0,m,no,no,South Asian,Canada,adults,synthetic_calibrated,0
0,1,0,1,0,1,0,1,0,1,23.0,f,no,no,nan,Unknown,adults,uci_real,0
1,0,0,0,0,0,0,0,0,0,23.0,m,no,no,nan,Unknown,adults,uci_real,0
1,0,0,0,0,0,0,1,0,1,22.1,m,no,no,Black,United States,children,synthetic_calibrated,0
0,1,1,1,1,1,1,1,1,1,6.0,m,no,no,Hispanic,Unknown,children,uci_real,1
1,1,0,0,1,0,0,1,0,1,20.6,f,no,no,Pasifika,Saudi Arabia,adults,synthetic_calibrated,0
1,0,0,0,0,0,0,1,1,0,23.5,f,no,no,South Asian,UAE,children,synthetic_calibrated,0
0,0,0,0,1,0,1,0,0,1,22.6,f,no,no,Others,India,adults,synthetic_calibrated,0
1,0,0,0,0,0,1,0,0,1,31.3,f,no,no,Hispanic,New Zealand,children,synthetic_calibrated,0
1,0,1,0,1,1,1,1,1,1,11.1,f,no,no,Pasifika,United States,toddlers,synthetic_calibrated,1
1,0,1,0,1,0,1,1,0,1,26.0,f,no,no,'Middle Eastern ',Unknown,adults,uci_real,0
0,1,1,1,0,1,0,1,0,0,43.0,m,no,no,White-European,Australia,adults,synthetic_calibrated,0
0,0,1,1,0,0,1,1,0,0,27.6,m,no,no,White-European,Canada,adults,synthetic_calibrated,0
0,0,0,0,1,0,0,0,0,0,31.0,f,yes,no,Asian,Unknown,adults,uci_real,0
1,0,1,1,1,0,0,1,1,1,41.2,f,no,no,South Asian,Saudi Arabia,adults,synthetic_calibrated,1
1,1,0,1,0,0,0,0,0,0,23.7,f,no,no,Latino,Others,adults,synthetic_calibrated,0
1,0,0,1,0,0,1,1,0,0,25.0,m,no,no,Asian,Unknown,adults,uci_real,0
0,0,0,0,0,0,1,1,0,1,43.5,f,no,no,Black,United Kingdom,children,synthetic_calibrated,0
1,1,1,1,0,0,0,1,0,0,43.0,m,no,no,nan,Unknown,adults,uci_real,0
1,0,0,0,0,0,1,1,0,0,11.7,m,no,no,Latino,India,adults,synthetic_calibrated,0
1,0,0,1,0,0,0,0,0,0,22.0,f,no,no,nan,Unknown,adults,uci_real,0
1,1,0,1,0,1,1,1,0,0,23.4,m,no,no,Others,UAE,adults,synthetic_calibrated,0
0,1,1,0,1,0,0,0,0,1,22.3,f,no,no,Hispanic,India,adults,synthetic_calibrated,0
1,0,0,0,0,0,1,1,0,0,15.3,m,no,no,Pasifika,UAE,toddlers,synthetic_calibrated,0
0,0,0,0,0,0,0,0,0,0,43.0,f,no,no,'South Asian',Unknown,adults,uci_real,0
0,1,1,0,0,1,0,1,0,0,10.4,m,yes,no,White-European,India,children,synthetic_calibrated,0
1,0,0,1,1,1,1,1,0,1,37.0,f,no,no,White-European,Unknown,adults,uci_real,1
1,1,0,0,0,0,0,1,0,1,39.0,m,no,no,White-European,Unknown,adults,uci_real,0
1,1,0,0,0,0,0,1,0,0,19.4,f,no,no,Others,UAE,children,synthetic_calibrated,0
1,0,0,1,1,1,1,0,1,1,6.2,m,no,no,Latino,India,toddlers,synthetic_calibrated,1
1,0,0,0,0,0,1,1,0,0,41.9,f,no,no,Others,India,adolescents,synthetic_calibrated,0
1,1,1,1,1,1,1,1,1,1,3.5,m,no,no,Asian,Canada,children,synthetic_calibrated,1
1,0,0,0,0,0,0,0,0,0,20.0,f,no,no,Black,Unknown,adults,uci_real,0
1,1,0,1,0,0,1,1,0,0,19.0,m,no,no,'Middle Eastern ',Unknown,adults,uci_real,0
0,0,1,0,0,0,1,1,1,1,3.8,m,no,no,Middle Eastern,Others,children,synthetic_calibrated,0
1,0,1,0,0,0,0,1,1,1,30.9,f,no,no,Asian,United States,adolescents,synthetic_calibrated,0
0,0,0,0,0,0,0,0,0,0,30.0,m,no,no,Other,Saudi Arabia,adult,uci_real,0
1,0,0,1,1,0,0,1,1,0,19.0,m,no,no,White-European,Unknown,adults,uci_real,0
1,0,1,1,1,1,0,1,0,1,16.9,m,yes,no,Hispanic,United States,adults,synthetic_calibrated,0
1,0,0,1,0,0,0,1,0,0,54.0,m,no,no,White-European,Unknown,adults,uci_real,0
1,1,1,1,1,1,0,0,0,1,5.0,m,no,no,Asian,Others,children,synthetic_calibrated,1
1,0,1,0,0,0,0,1,0,1,22.1,f,no,no,Middle Eastern,Australia,children,synthetic_calibrated,0
1,0,0,0,1,0,1,1,0,0,25.0,f,no,no,White-European,Unknown,adults,uci_real,0
1,1,1,0,0,0,1,0,1,1,43.3,m,no,no,Middle Eastern,United States,adolescents,synthetic_calibrated,0
1,1,1,0,0,1,0,1,1,0,24.3,f,no,no,South Asian,Canada,adults,synthetic_calibrated,0
1,1,0,0,0,0,0,1,0,0,20.0,m,no,no,nan,Unknown,adults,uci_real,0
0,0,0,0,0,1,0,0,0,0,22.5,f,no,no,Others,UAE,children,synthetic_calibrated,0
1,0,1,1,1,1,1,1,1,1,31.5,f,no,no,Middle Eastern,United Kingdom,children,synthetic_calibrated,1
0,1,1,0,1,0,1,0,0,1,4.0,m,yes,no,nan,Unknown,children,uci_real,0
0,0,1,1,1,0,0,1,0,0,14.1,m,no,no,Black,India,adolescents,synthetic_calibrated,0
1,0,1,1,1,1,1,0,1,0,25.7,m,no,no,Latino,Australia,adolescents,synthetic_calibrated,1
1,0,1,1,1,1,0,0,1,0,13.4,f,no,no,Hispanic,Others,adults,synthetic_calibrated,0
1,0,1,0,1,1,0,0,0,0,12.3,m,no,no,Middle Eastern,United Kingdom,adults,synthetic_calibrated,0
0,0,1,1,0,0,0,1,0,0,24.0,m,no,no,'Middle Eastern ',Unknown,adults,uci_real,0
0,0,1,0,1,1,1,1,0,1,26.0,m,no,no,'South Asian',Unknown,adults,uci_real,0
1,0,1,0,0,0,0,0,0,0,12.9,m,no,no,Middle Eastern,United States,children,synthetic_calibrated,0
1,1,1,0,1,0,1,1,1,1,4.4,f,no,no,South Asian,United Kingdom,toddlers,synthetic_calibrated,1
1,1,0,0,1,0,1,1,0,0,1.0,m,no,no,South Asian,India,children,synthetic_calibrated,0
1,0,0,0,1,0,1,1,0,1,33.0,m,no,no,Latino,Unknown,adults,uci_real,0
1,1,1,1,1,1,1,0,1,1,16.0,f,no,no,Asian,United States,children,synthetic_calibrated,1
1,1,1,0,1,1,1,0,0,0,22.8,f,no,no,Middle Eastern,Saudi Arabia,toddlers,synthetic_calibrated,0
0,0,0,0,0,0,1,0,0,0,43.8,f,no,no,Middle Eastern,India,adults,synthetic_calibrated,0
0,1,1,0,1,1,1,1,1,1,6.9,m,yes,no,Latino,UAE,children,synthetic_calibrated,1
1,0,1,1,0,1,0,0,0,0,19.7,f,no,no,Middle Eastern,India,toddlers,synthetic_calibrated,0
1,0,0,1,1,1,0,1,1,1,12.9,f,no,no,Hispanic,New Zealand,adolescents,synthetic_calibrated,1
0,0,1,0,0,1,0,0,0,0,6.0,m,no,no,nan,Unknown,children,uci_real,0
1,0,1,0,1,1,1,1,0,1,10.0,f,no,no,Middle Eastern,United States,adults,synthetic_calibrated,0
1,0,1,1,1,0,1,1,0,0,21.0,f,yes,no,nan,Unknown,adults,uci_real,0
0,1,1,1,1,1,0,0,0,1,25.8,m,no,no,White-European,Others,adults,synthetic_calibrated,0
0,0,1,0,1,0,0,0,0,0,22.7,f,no,no,Middle Eastern,Canada,children,synthetic_calibrated,0
1,1,0,1,0,1,0,1,0,0,34.4,m,no,no,South Asian,Australia,adolescents,synthetic_calibrated,0
1,1,1,1,1,0,0,0,0,0,17.6,f,no,no,Hispanic,Others,children,synthetic_calibrated,0
0,1,1,1,1,1,1,1,0,1,7.0,m,yes,no,nan,Unknown,children,uci_real,1
1,0,0,1,0,0,0,1,0,0,19.5,f,no,no,Black,Saudi Arabia,adults,synthetic_calibrated,0
1,1,1,0,1,0,1,0,0,1,22.2,f,no,no,South Asian,India,adults,synthetic_calibrated,0
1,0,0,0,0,1,0,0,1,0,34.5,f,no,no,White-European,UAE,toddlers,synthetic_calibrated,0
1,0,0,0,0,1,1,0,0,0,20.7,f,no,no,White-European,India,adolescents,synthetic_calibrated,0
1,0,0,0,0,0,0,1,0,0,22.4,f,no,no,Others,New Zealand,adults,synthetic_calibrated,0
1,0,0,0,0,0,0,1,0,1,26.3,f,no,no,South Asian,Australia,children,synthetic_calibrated,0
1,0,0,1,0,0,1,0,0,1,23.0,f,no,no,Black,Unknown,adults,uci_real,0
0,1,1,1,1,1,1,1,1,1,22.0,m,no,no,White-European,Unknown,adults,uci_real,1
1,0,1,1,0,1,1,1,1,1,20.0,f,no,no,nan,Unknown,adults,uci_real,1
1,0,0,1,1,0,0,0,0,1,23.8,f,no,no,White-European,India,toddlers,synthetic_calibrated,0
1,1,1,1,1,1,0,1,0,0,20.5,f,no,no,South Asian,New Zealand,adults,synthetic_calibrated,0
1,0,1,1,1,0,0,1,1,1,6.1,m,no,no,Latino,Australia,adults,synthetic_calibrated,1
1,1,1,1,0,1,0,1,1,1,5.3,f,yes,no,Pasifika,United Kingdom,toddlers,synthetic_calibrated,0
0,0,0,0,0,0,1,1,0,0,25.6,m,yes,no,Middle Eastern,Australia,adolescents,synthetic_calibrated,0
1,1,0,0,1,0,1,0,1,0,36.0,m,no,no,others,Unknown,adults,uci_real,0
1,0,1,1,1,1,0,1,1,1,1.0,f,no,no,Others,United States,adults,synthetic_calibrated,1
1,0,0,0,0,0,1,0,0,1,35.0,f,no,no,Asian,Unknown,adults,uci_real,0
1,0,0,0,0,0,1,0,0,0,15.7,f,no,no,Hispanic,Saudi Arabia,adults,synthetic_calibrated,0
1,1,1,1,1,0,0,1,1,1,42.0,f,no,no,White-European,Unknown,adults,uci_real,1
1,1,0,0,0,0,0,1,0,0,4.0,m,no,no,Hispanic,UAE,toddlers,synthetic_calibrated,0
0,1,1,0,1,0,0,1,0,1,13.6,m,no,no,White-European,India,children,synthetic_calibrated,0
1,1,0,1,1,1,1,1,1,1,30.0,f,no,no,White-European,Others,toddlers,synthetic_calibrated,1
1,1,0,0,0,0,0,1,0,0,18.1,m,no,no,Hispanic,Others,adolescents,synthetic_calibrated,0
0,0,1,1,1,0,1,0,1,1,36.5,m,no,no,Middle Eastern,United States,adolescents,synthetic_calibrated,0
1,1,1,1,0,0,1,1,1,1,60.7,f,no,no,White-European,United States,adolescents,synthetic_calibrated,1
1,0,1,1,1,1,0,1,0,1,6.0,m,no,no,'South Asian',Unknown,children,uci_real,1
0,1,0,1,0,0,1,1,0,1,11.6,m,no,no,Hispanic,Canada,adolescents,synthetic_calibrated,0
0,0,0,0,0,0,0,0,0,1,15.0,m,no,no,South Asian,Saudi Arabia,toddlers,synthetic_calibrated,0
1,0,0,1,1,0,0,0,0,1,29.6,m,no,no,Middle Eastern,United States,adults,synthetic_calibrated,0
1,1,1,1,0,1,0,0,1,1,27.7,f,yes,no,Pasifika,UAE,children,synthetic_calibrated,1
1,0,0,1,1,0,1,0,1,1,35.0,m,no,no,'South Asian',Unknown,adults,uci_real,0
1,0,0,0,0,0,0,1,0,1,31.2,f,no,no,Others,Saudi Arabia,children,synthetic_calibrated,0
1,0,0,0,0,0,0,1,0,0,39.9,f,no,no,Middle Eastern,Australia,adults,synthetic_calibrated,0
1,1,0,1,1,1,1,1,0,1,29.0,f,no,no,'Middle Eastern ',Unknown,adults,uci_real,1
0,0,1,1,1,1,1,1,1,1,7.7,m,no,no,Black,Australia,adults,synthetic_calibrated,1
1,1,0,0,0,0,0,1,0,0,38.2,m,no,no,Latino,UAE,adults,synthetic_calibrated,0
1,1,0,1,1,0,1,1,0,0,8.7,m,no,no,Middle Eastern,UAE,adults,synthetic_calibrated,0
0,0,1,1,1,0,1,1,1,0,6.0,m,no,yes,White-European,Unknown,children,uci_real,0
0,1,0,0,1,0,0,1,0,1,10.3,m,no,no,Latino,United States,adults,synthetic_calibrated,0
1,1,1,0,1,1,1,0,1,0,12.1,f,no,no,Pasifika,Saudi Arabia,adults,synthetic_calibrated,0
1,0,0,0,0,0,0,1,0,1,32.7,m,no,no,Hispanic,Canada,adolescents,synthetic_calibrated,0
1,1,0,0,1,1,0,1,0,1,31.4,m,no,no,Latino,United States,children,synthetic_calibrated,0
0,0,1,0,1,1,0,0,0,1,18.0,f,yes,no,White-European,UAE,children,synthetic_calibrated,0
1,1,1,0,1,0,0,0,0,1,32.6,f,no,no,Middle Eastern,New Zealand,adults,synthetic_calibrated,0
1,0,0,1,0,0,0,1,0,1,24.7,f,no,no,Middle Eastern,India,children,synthetic_calibrated,0
0,0,1,1,0,0,0,1,0,1,28.2,m,no,no,Middle Eastern,Saudi Arabia,children,synthetic_calibrated,0
1,1,1,1,0,0,0,1,1,1,33.0,f,no,no,Black,Unknown,adults,uci_real,1
1,1,1,1,1,0,0,1,0,0,27.0,m,no,no,Latino,Unknown,adults,uci_real,0
1,1,1,1,1,0,1,1,0,1,31.0,f,no,no,Others,United States,toddlers,synthetic_calibrated,1
1,1,1,0,0,0,1,1,1,0,29.4,f,no,no,Asian,India,adolescents,synthetic_calibrated,0
1,1,1,1,1,1,1,1,1,0,34.4,f,no,no,Pasifika,United Kingdom,adults,synthetic_calibrated,1
1,0,1,1,0,0,1,0,0,1,37.9,m,no,no,Hispanic,United States,children,synthetic_calibrated,0
0,1,0,0,0,0,0,0,0,1,19.0,m,no,no,nan,Unknown,adults,uci_real,0
1,1,1,0,1,1,1,1,1,1,9.0,m,yes,no,Asian,Unknown,children,uci_real,1
1,0,0,0,0,0,0,1,0,1,25.2,f,no,no,Others,Others,children,synthetic_calibrated,0
0,1,0,0,1,0,0,1,0,1,16.2,m,no,no,Asian,Saudi Arabia,adults,synthetic_calibrated,0
1,0,0,0,1,1,0,0,0,0,23.4,f,no,no,Others,New Zealand,adults,synthetic_calibrated,0
1,0,1,0,0,0,0,0,0,0,21.0,f,yes,no,South Asian,Saudi Arabia,children,synthetic_calibrated,0
0,1,1,0,1,1,1,1,0,0,nan,m,yes,no,nan,Unknown,children,uci_real,0
1,1,1,1,1,1,1,0,1,1,21.0,f,no,no,White-European,Unknown,adults,uci_real,1
1,1,1,1,1,1,1,0,1,1,30.8,m,no,no,White-European,UAE,adults,synthetic_calibrated,1
1,0,0,1,0,0,1,1,1,1,25.1,f,no,no,Black,Canada,children,synthetic_calibrated,0
1,1,0,0,0,0,1,1,0,1,45.6,f,no,no,Others,UAE,adults,synthetic_calibrated,0
1,1,1,1,0,1,1,1,1,1,17.3,f,no,no,Middle Eastern,New Zealand,toddlers,synthetic_calibrated,1
0,0,0,0,0,0,0,1,0,1,40.0,f,yes,no,Asian,Saudi Arabia,children,synthetic_calibrated,0
1,0,0,0,1,1,0,1,1,1,17.7,m,no,no,Hispanic,Others,children,synthetic_calibrated,0
1,1,0,0,0,0,0,1,0,1,4.5,m,no,no,White-European,New Zealand,children,synthetic_calibrated,0
1,0,1,1,1,1,0,1,0,1,11.0,m,no,no,nan,Unknown,children,uci_real,1
1,0,0,1,0,0,1,1,0,1,12.3,m,yes,no,Black,India,adults,synthetic_calibrated,0
1,0,1,1,0,0,1,1,0,1,55.0,m,no,no,Hispanic,Unknown,adults,uci_real,0
1,0,0,0,1,0,1,0,0,1,26.1,f,no,no,Asian,United States,children,synthetic_calibrated,0
1,0,1,1,0,0,0,1,0,0,35.4,m,no,no,Latino,New Zealand,children,synthetic_calibrated,0
1,1,0,0,0,1,1,0,0,0,31.4,m,yes,no,White-European,United States,adults,synthetic_calibrated,0
1,1,1,1,1,1,0,1,0,1,23.0,f,no,no,White-European,Unknown,adults,uci_real,1
0,0,0,1,0,1,1,0,0,0,37.8,f,yes,no,South Asian,New Zealand,adults,synthetic_calibrated,0
1,0,0,0,1,0,0,1,0,1,38.5,m,no,no,Others,UAE,adolescents,synthetic_calibrated,0
1,0,0,0,0,0,1,1,0,0,26.0,m,no,no,Asian,Unknown,adults,uci_real,0
1,0,1,1,1,0,0,1,1,1,24.7,f,no,no,Hispanic,UAE,toddlers,synthetic_calibrated,0
1,0,0,0,1,1,1,0,0,1,31.5,m,no,no,Asian,UAE,children,synthetic_calibrated,0
1,0,1,1,0,0,1,0,0,0,16.9,f,no,no,White-European,Saudi Arabia,children,synthetic_calibrated,0
1,0,1,1,1,1,1,1,1,1,25.0,f,no,no,White-European,Unknown,adults,uci_real,1
0,0,1,0,1,0,0,1,1,1,8.9,f,no,no,South Asian,United States,children,synthetic_calibrated,0
1,1,1,1,1,1,1,1,1,0,12.5,m,yes,no,Hispanic,Canada,children,synthetic_calibrated,1
0,1,0,1,1,1,0,1,1,0,19.9,m,no,no,White-European,Canada,adults,synthetic_calibrated,0
1,0,1,1,1,0,1,1,1,1,27.2,m,no,no,Others,Saudi Arabia,children,synthetic_calibrated,1
1,0,1,1,1,1,1,0,1,1,28.3,f,no,no,South Asian,Canada,adolescents,synthetic_calibrated,1
1,0,1,1,1,1,1,0,1,1,1.0,f,yes,no,Latino,UAE,adolescents,synthetic_calibrated,0
1,1,1,1,1,1,0,0,1,1,10.3,f,no,no,Black,India,children,synthetic_calibrated,1
1,1,1,1,1,1,1,1,1,1,14.0,f,no,no,Pasifika,UAE,children,synthetic_calibrated,1
1,0,0,1,1,0,0,1,0,1,37.7,f,no,no,Hispanic,Others,toddlers,synthetic_calibrated,0
1,1,0,1,1,0,0,1,0,1,20.2,m,yes,no,South Asian,Canada,adults,synthetic_calibrated,1
1,1,1,1,1,1,1,0,1,1,7.0,m,yes,no,White-European,Unknown,children,uci_real,1
1,1,1,1,1,1,0,1,1,1,29.4,m,no,no,Hispanic,United Kingdom,children,synthetic_calibrated,1
0,1,0,0,0,0,0,0,0,0,12.8,m,no,no,South Asian,Canada,children,synthetic_calibrated,0
1,1,1,1,1,1,0,0,1,1,25.7,m,no,no,South Asian,Australia,toddlers,synthetic_calibrated,1
1,1,1,1,1,0,1,0,1,1,4.0,m,no,no,White-European,Unknown,children,uci_real,1
1,1,1,0,1,1,1,0,1,1,4.0,m,no,yes,White-European,Unknown,children,uci_real,1
1,0,0,0,0,0,1,0,0,1,15.4,f,no,no,Pasifika,New Zealand,children,synthetic_calibrated,0
0,0,1,0,1,1,0,0,1,0,23.2,m,no,no,Asian,UAE,adults,synthetic_calibrated,0
1,1,1,0,1,1,1,0,1,1,27.5,f,yes,no,Asian,Others,children,synthetic_calibrated,1
1,1,1,1,1,1,1,0,1,1,20.2,m,no,no,Black,Others,adults,synthetic_calibrated,1
1,1,1,1,1,1,0,0,1,1,21.4,f,no,no,Hispanic,UAE,children,synthetic_calibrated,1
0,0,0,0,1,0,0,1,0,0,26.0,m,no,no,Asian,Unknown,adults,uci_real,0
1,1,0,0,0,0,0,1,0,0,32.7,m,no,no,Middle Eastern,New Zealand,adults,synthetic_calibrated,0
1,0,0,0,0,0,0,0,0,0,30.9,f,no,no,Middle Eastern,India,children,synthetic_calibrated,0
0,0,1,0,1,1,1,0,1,1,18.7,m,no,no,Hispanic,Australia,adults,synthetic_calibrated,1
1,1,0,1,1,0,1,1,0,1,6.2,m,no,no,Pasifika,India,children,synthetic_calibrated,0
0,0,1,0,1,0,0,1,1,1,29.8,m,no,no,White-European,UAE,adolescents,synthetic_calibrated,0
1,1,0,1,1,1,1,1,0,1,40.1,m,no,no,Black,Canada,adults,synthetic_calibrated,1
1,0,1,1,0,0,0,1,1,1,33.0,f,no,no,Asian,Unknown,adults,uci_real,0
0,1,1,0,1,0,0,1,0,0,5.2,m,no,no,Latino,UAE,toddlers,synthetic_calibrated,0
1,0,1,1,1,1,0,0,1,0,34.0,f,no,no,White-European,Unknown,adults,uci_real,0
1,1,0,1,0,0,0,0,0,0,35.7,m,no,no,South Asian,India,children,synthetic_calibrated,0
1,1,1,1,1,1,1,1,0,1,11.4,f,no,no,White-European,New Zealand,children,synthetic_calibrated,1
1,1,1,1,1,0,0,1,0,1,27.0,m,yes,no,White-European,Unknown,adults,uci_real,1
1,0,1,0,1,0,1,0,0,1,8.9,m,no,no,Middle Eastern,UAE,adolescents,synthetic_calibrated,0
0,0,0,1,1,1,1,0,0,1,1.0,m,no,no,Asian,New Zealand,adolescents,synthetic_calibrated,0
1,0,0,0,1,0,0,1,0,0,32.0,f,no,no,'South Asian',Unknown,adults,uci_real,0
0,0,1,0,1,1,0,1,1,1,4.0,m,no,no,Asian,Unknown,children,uci_real,0
1,1,1,1,1,1,1,1,1,0,26.2,f,no,no,South Asian,UAE,toddlers,synthetic_calibrated,1
1,1,0,0,0,0,0,1,0,0,7.0,m,no,no,Hispanic,UAE,toddlers,synthetic_calibrated,0
1,1,1,1,1,1,0,1,1,1,11.9,m,no,no,Black,United States,children,synthetic_calibrated,1
1,1,1,1,1,1,0,0,1,0,51.5,m,no,no,White-European,United Kingdom,children,synthetic_calibrated,1
0,0,0,0,0,1,0,1,1,1,19.1,f,yes,no,Asian,Others,children,synthetic_calibrated,0
1,1,0,0,0,0,0,1,0,0,32.0,m,no,no,nan,Unknown,adults,uci_real,0
1,0,0,1,0,0,1,1,0,0,24.0,m,no,no,Asian,Unknown,adults,uci_real,0
0,0,1,0,1,1,0,0,0,1,21.0,f,no,no,Middle Eastern,New Zealand,adults,synthetic_calibrated,0
0,1,1,0,1,0,1,1,1,1,42.8,f,no,no,Black,India,adults,synthetic_calibrated,1
1,1,1,1,1,0,1,1,1,1,30.0,f,no,no,White-European,Unknown,adults,uci_real,1
1,0,1,0,1,0,1,0,1,1,4.0,m,yes,no,Black,Unknown,children,uci_real,0
0,1,1,1,1,1,0,1,1,1,4.0,m,yes,no,Black,UAE,children,synthetic_calibrated,1
1,1,1,0,0,0,0,0,0,0,37.8,m,no,no,Hispanic,India,children,synthetic_calibrated,0
0,0,0,0,0,0,1,0,0,0,27.0,m,no,no,'Middle Eastern ',Unknown,adults,uci_real,0
0,0,1,1,1,0,0,0,1,1,16.8,m,no,no,Pasifika,United Kingdom,adults,synthetic_calibrated,0
0,1,0,1,0,0,0,0,1,0,17.7,f,no,no,Hispanic,Canada,children,synthetic_calibrated,0
0,1,0,0,1,0,0,0,0,1,5.0,f,no,no,nan,Unknown,children,uci_real,0
0,1,1,1,0,0,0,0,1,0,26.0,m,no,no,Asian,Unknown,adults,uci_real,0
0,1,1,0,1,0,1,0,1,1,26.8,f,no,no,Middle Eastern,United States,adults,synthetic_calibrated,0
0,1,1,1,1,1,1,1,0,1,22.0,f,no,no,White-European,Unknown,adults,uci_real,1
1,1,0,0,0,0,0,1,1,0,30.0,f,yes,no,White-European,Unknown,adults,uci_real,0
0,1,0,0,1,0,0,1,0,1,20.4,m,no,no,White-European,New Zealand,children,synthetic_calibrated,0
1,1,1,1,0,0,0,0,1,0,24.0,f,yes,no,White-European,Unknown,adults,uci_real,0
0,0,0,0,0,0,0,0,0,1,33.0,f,no,no,nan,Unknown,adults,uci_real,0
1,1,1,0,1,1,1,0,1,1,23.0,f,no,no,White-European,Unknown,adults,uci_real,1
1,1,0,1,0,0,1,1,0,0,10.1,m,no,no,Asian,New Zealand,adults,synthetic_calibrated,0
1,0,1,1,1,1,0,1,1,1,10.5,m,yes,no,Middle Eastern,Canada,adults,synthetic_calibrated,1
0,1,0,0,0,0,0,0,0,1,40.0,f,no,no,Asian,Unknown,adults,uci_real,0
0,1,1,0,1,1,0,0,0,1,4.0,f,yes,no,'Middle Eastern ',Unknown,children,uci_real,0
0,0,1,0,1,1,1,1,0,1,11.0,m,no,no,Asian,Unknown,children,uci_real,0
1,1,1,1,1,1,1,1,1,1,21.0,m,no,no,Black,Unknown,adults,uci_real,1
0,0,0,0,0,0,0,1,0,1,21.6,m,no,no,Others,India,children,synthetic_calibrated,0
0,0,0,0,0,0,1,1,0,1,6.6,f,no,no,Asian,Canada,children,synthetic_calibrated,0
1,0,1,0,0,0,0,0,0,0,26.0,f,no,no,Asian,Unknown,adults,uci_real,0
1,1,0,1,0,1,1,0,1,0,11.0,f,yes,yes,White-European,Unknown,children,uci_real,0
0,0,1,0,0,1,0,1,0,1,23.7,m,no,no,Black,Others,adults,synthetic_calibrated,0
1,0,1,1,0,0,1,0,0,1,22.3,m,yes,no,South Asian,United States,children,synthetic_calibrated,0
1,1,1,1,1,1,1,0,1,1,45.6,f,no,no,Others,Canada,adults,synthetic_calibrated,1
1,1,1,0,1,1,1,0,1,1,4.5,m,no,no,White-European,Canada,children,synthetic_calibrated,1
1,0,0,1,0,0,1,0,0,0,29.6,f,no,no,Pasifika,Canada,children,synthetic_calibrated,0
0,0,0,0,1,1,0,1,0,1,21.0,m,no,no,'South Asian',Unknown,adults,uci_real,0
1,0,0,0,0,0,0,1,0,0,32.2,f,no,no,Others,Australia,children,synthetic_calibrated,0
1,1,1,1,1,1,1,0,1,1,13.5,f,no,no,Black,United Kingdom,adults,synthetic_calibrated,1
1,1,1,1,1,1,0,0,1,1,27.7,m,no,no,Black,Saudi Arabia,adults,synthetic_calibrated,1
1,1,0,1,0,0,1,0,0,1,41.2,m,no,no,Others,United States,adolescents,synthetic_calibrated,0
1,1,1,1,0,0,1,0,0,1,27.1,f,no,no,Hispanic,India,adolescents,synthetic_calibrated,0
0,0,0,0,0,0,1,1,0,1,17.0,m,no,no,White-European,Unknown,adults,uci_real,0
0,1,0,0,1,1,0,1,1,0,4.9,m,no,no,Asian,United States,adults,synthetic_calibrated,0
1,0,1,1,1,1,1,1,1,1,13.8,m,no,no,Black,Canada,children,synthetic_calibrated,1
1,0,0,0,0,0,0,1,0,0,37.3,m,no,no,South Asian,Others,adults,synthetic_calibrated,0
1,1,1,1,1,1,0,1,0,1,58.1,f,no,no,Latino,Others,adults,synthetic_calibrated,1
1,0,1,1,1,1,1,0,0,0,41.7,f,no,no,South Asian,Canada,adults,synthetic_calibrated,1
1,1,1,1,1,1,0,1,1,1,34.2,m,no,no,Asian,UAE,toddlers,synthetic_calibrated,1
0,1,1,0,0,0,0,1,0,0,21.4,m,no,no,Hispanic,Others,adults,synthetic_calibrated,0
1,0,0,1,1,0,0,1,0,1,27.7,f,no,no,South Asian,India,children,synthetic_calibrated,0
1,0,0,0,1,1,0,0,1,1,6.0,m,yes,no,'South Asian',Unknown,children,uci_real,0
1,1,1,0,1,1,0,0,0,0,4.0,m,no,no,'South Asian',Unknown,children,uci_real,0
1,1,1,1,1,1,0,1,1,1,43.9,f,no,no,South Asian,United States,adults,synthetic_calibrated,1
1,0,0,0,0,0,0,1,0,1,50.3,m,no,no,Pasifika,UAE,children,synthetic_calibrated,0
1,1,1,1,1,1,1,0,1,1,43.0,m,no,no,White-European,Unknown,adults,uci_real,1
1,0,0,1,0,0,0,1,0,1,35.4,f,no,no,Hispanic,Australia,children,synthetic_calibrated,0
0,1,0,0,0,0,1,0,0,1,7.8,f,no,no,Others,Canada,children,synthetic_calibrated,0
1,1,1,0,1,1,1,1,1,1,13.6,f,no,no,Asian,Others,toddlers,synthetic_calibrated,1
0,1,1,1,1,0,1,1,1,1,34.2,m,no,no,Others,Canada,children,synthetic_calibrated,0
0,0,1,1,0,0,0,0,0,1,31.1,m,no,no,South Asian,India,adolescents,synthetic_calibrated,0
0,0,1,0,1,1,0,1,0,0,1.0,m,yes,no,South Asian,New Zealand,adolescents,synthetic_calibrated,0
1,0,0,0,0,0,0,1,1,1,18.0,m,no,no,Pasifika,UAE,adults,synthetic_calibrated,0
0,1,1,1,1,1,0,1,1,1,1.0,f,yes,no,Others,Saudi Arabia,children,synthetic_calibrated,1
0,0,0,0,0,0,0,1,0,1,37.0,m,no,no,White-European,Unknown,adults,uci_real,0
0,0,0,0,0,0,0,1,0,0,35.2,m,no,no,Pasifika,New Zealand,adolescents,synthetic_calibrated,0
0,0,1,0,1,0,0,1,0,1,17.1,m,no,no,Black,United Kingdom,adults,synthetic_calibrated,0
0,0,1,1,1,1,0,1,1,1,5.3,f,no,no,Asian,New Zealand,adolescents,synthetic_calibrated,1
1,0,1,0,1,1,0,0,1,0,1.0,f,yes,no,Hispanic,Saudi Arabia,toddlers,synthetic_calibrated,0
0,0,1,1,0,0,0,1,0,1,28.2,f,no,no,Asian,Australia,adolescents,synthetic_calibrated,0
0,0,0,0,0,0,0,0,0,0,26.0,f,no,no,White-European,Unknown,adults,uci_real,0
0,0,1,0,0,0,0,1,1,1,44.9,f,no,no,Hispanic,United Kingdom,toddlers,synthetic_calibrated,0
1,1,1,1,1,1,1,0,1,1,11.2,m,no,no,Middle Eastern,Others,children,synthetic_calibrated,1
1,0,0,1,1,1,1,0,1,1,7.0,m,no,no,Black,Unknown,children,uci_real,1
0,1,0,1,1,0,1,1,0,1,9.0,m,yes,no,nan,Unknown,children,uci_real,0
1,0,1,1,1,1,1,1,1,0,29.3,f,no,no,White-European,India,adults,synthetic_calibrated,1
1,1,1,1,1,0,1,1,0,1,46.9,f,yes,no,Others,New Zealand,adults,synthetic_calibrated,1
0,1,0,0,0,0,0,1,0,0,38.2,f,no,no,South Asian,Canada,toddlers,synthetic_calibrated,0
0,1,1,0,1,0,1,1,0,0,16.0,m,no,no,Hispanic,United States,children,synthetic_calibrated,0
1,1,0,0,0,0,1,1,0,1,23.1,m,no,no,Hispanic,UAE,children,synthetic_calibrated,0
0,1,1,1,1,0,1,1,0,1,18.8,f,yes,no,Latino,Saudi Arabia,children,synthetic_calibrated,1
1,1,0,0,1,1,0,1,0,1,15.6,f,no,no,Middle Eastern,Others,adults,synthetic_calibrated,0
1,0,1,1,1,0,0,1,1,0,41.4,f,no,no,South Asian,United States,adults,synthetic_calibrated,1
1,1,0,0,0,1,1,1,0,0,6.0,m,no,no,nan,Unknown,children,uci_real,0
1,0,1,1,0,0,0,1,0,1,24.0,m,no,no,Asian,Unknown,adults,uci_real,0
1,1,1,0,0,0,1,1,0,1,35.6,m,no,no,South Asian,UAE,adolescents,synthetic_calibrated,0
1,0,1,1,0,1,0,1,1,0,5.0,m,no,no,'South Asian',Unknown,children,uci_real,0
1,0,0,0,1,0,0,0,0,1,1.0,m,no,no,Asian,India,toddlers,synthetic_calibrated,0
1,0,0,0,0,0,1,1,0,0,41.0,m,no,no,Asian,Unknown,adults,uci_real,0
1,0,0,0,1,0,0,0,1,0,16.8,m,no,no,Middle Eastern,UAE,adults,synthetic_calibrated,0
1,0,0,0,1,1,0,0,0,0,31.0,f,no,no,White-European,UAE,children,synthetic_calibrated,0
0,1,1,0,0,0,1,0,0,0,24.5,m,no,no,Hispanic,United States,adolescents,synthetic_calibrated,0
1,1,1,0,1,0,0,0,0,0,5.0,m,yes,no,'Middle Eastern ',Unknown,children,uci_real,0
1,1,1,1,1,0,1,1,1,1,29.3,m,no,no,South Asian,Saudi Arabia,children,synthetic_calibrated,1
1,1,1,1,1,1,0,1,0,1,17.7,f,no,no,Latino,New Zealand,children,synthetic_calibrated,0
1,1,1,1,1,0,1,0,1,1,17.2,m,no,no,White-European,Australia,toddlers,synthetic_calibrated,1
0,1,1,0,1,0,0,0,1,1,19.1,f,no,no,Pasifika,UAE,adults,synthetic_calibrated,0
1,0,0,1,1,0,1,0,0,0,22.0,m,no,no,Others,Unknown,adults,uci_real,0
1,1,1,1,1,0,0,1,1,1,47.4,f,no,no,Hispanic,United Kingdom,adolescents,synthetic_calibrated,1
1,1,1,1,1,1,0,1,1,0,18.2,m,no,no,Middle Eastern,Others,children,synthetic_calibrated,0
1,1,1,0,1,1,1,1,1,1,1.0,m,no,no,Black,Others,adolescents,synthetic_calibrated,1
1,1,0,0,0,0,0,0,0,0,31.5,f,no,no,Black,Canada,adults,synthetic_calibrated,0
0,0,1,1,1,0,0,0,0,0,18.4,m,no,no,Black,United Kingdom,adolescents,synthetic_calibrated,0
1,0,0,0,0,0,1,0,0,0,41.2,f,no,no,Middle Eastern,Australia,adolescents,synthetic_calibrated,0
0,0,0,0,0,0,0,1,0,1,33.6,m,no,no,Middle Eastern,Saudi Arabia,adolescents,synthetic_calibrated,0
1,1,1,1,0,1,0,1,1,1,42.0,f,no,no,Hispanic,India,children,synthetic_calibrated,1
1,1,0,0,0,0,0,1,0,0,17.3,m,no,no,Pasifika,India,children,synthetic_calibrated,0
1,1,0,1,0,0,0,0,0,1,31.0,m,no,no,White-European,Unknown,adults,uci_real,0
1,1,0,0,1,1,0,1,0,1,36.0,f,no,no,Others,Unknown,adults,uci_real,0
1,1,1,1,0,0,0,1,1,1,20.3,f,yes,no,Others,United States,toddlers,synthetic_calibrated,1
1,0,1,1,1,1,1,1,1,1,20.6,m,yes,no,Others,New Zealand,adults,synthetic_calibrated,1
1,0,0,1,1,0,0,0,0,0,22.2,m,no,no,Middle Eastern,United States,children,synthetic_calibrated,0
1,0,0,0,1,0,1,1,0,1,26.8,f,no,no,Black,Australia,toddlers,synthetic_calibrated,0
0,1,1,1,1,1,0,1,1,1,12.3,f,no,no,Asian,United States,children,synthetic_calibrated,1
1,1,0,1,1,0,0,0,0,0,23.6,f,no,no,Latino,Saudi Arabia,adults,synthetic_calibrated,0
0,0,0,0,0,0,0,1,0,0,23.0,m,no,no,nan,Unknown,adults,uci_real,0
1,0,1,1,0,0,0,1,0,0,14.7,m,no,no,Latino,Saudi Arabia,toddlers,synthetic_calibrated,0
0,0,1,0,1,1,0,0,0,0,35.0,f,no,no,'Middle Eastern ',Unknown,adults,uci_real,0
1,1,1,1,0,1,1,1,1,1,1.0,f,no,no,South Asian,Canada,children,synthetic_calibrated,1
1,1,0,0,1,0,0,0,0,1,40.0,f,no,no,Black,Unknown,adults,uci_real,0
0,0,0,1,1,0,1,0,0,1,19.0,f,no,no,nan,Unknown,adults,uci_real,0
1,0,1,1,1,0,1,1,1,1,23.0,m,no,no,Latino,India,adults,synthetic_calibrated,0
0,0,0,0,0,0,0,0,1,0,1.0,m,no,no,Others,India,adults,synthetic_calibrated,0
0,1,1,0,1,0,0,0,0,0,1.0,m,no,no,South Asian,UAE,adults,synthetic_calibrated,0
1,0,1,1,1,0,1,1,1,0,29.0,m,no,no,Latino,Unknown,adults,uci_real,1
1,0,0,0,0,0,0,0,0,1,26.4,f,no,no,White-European,New Zealand,adolescents,synthetic_calibrated,0
1,1,0,0,1,0,0,1,1,0,23.0,m,no,no,Pasifika,Others,adults,synthetic_calibrated,0
1,0,1,1,1,1,1,0,1,1,20.2,f,no,no,Latino,United Kingdom,children,synthetic_calibrated,1
1,1,1,0,1,0,1,1,0,0,24.2,f,no,no,Middle Eastern,Canada,adults,synthetic_calibrated,0
0,1,1,0,1,1,0,1,1,0,45.8,f,no,no,Middle Eastern,India,adolescents,synthetic_calibrated,1
1,1,0,0,1,0,1,0,0,1,12.5,m,no,no,Black,Saudi Arabia,adults,synthetic_calibrated,0
1,0,1,1,1,0,0,0,0,0,18.8,f,yes,no,White-European,New Zealand,adults,synthetic_calibrated,0
1,0,1,0,1,0,0,0,0,0,15.2,f,no,no,Pasifika,New Zealand,children,synthetic_calibrated,0
1,1,0,1,1,0,0,0,1,1,23.6,f,no,no,Hispanic,Australia,children,synthetic_calibrated,0
1,0,0,1,1,0,1,1,0,0,20.0,m,no,no,Pasifika,Unknown,adults,uci_real,0
1,0,1,1,1,1,0,1,0,1,32.2,m,yes,no,White-European,India,children,synthetic_calibrated,1
1,0,1,1,0,1,1,1,0,1,4.0,m,no,no,Asian,Unknown,children,uci_real,1
1,0,1,1,1,1,0,1,1,1,3.9,m,no,no,Others,Australia,adolescents,synthetic_calibrated,1
1,0,1,1,1,1,1,1,0,1,14.2,m,no,no,Pasifika,United States,adults,synthetic_calibrated,0
1,1,1,0,0,0,0,0,0,1,71.5,f,no,no,Asian,UAE,adolescents,synthetic_calibrated,0
1,1,1,1,1,1,0,0,1,1,4.0,f,yes,no,nan,Unknown,children,uci_real,1
1,1,1,1,1,1,1,1,1,1,12.7,m,no,no,Asian,India,children,synthetic_calibrated,1
1,0,0,0,1,0,1,0,1,1,22.0,m,no,no,Asian,Unknown,adults,uci_real,0
1,0,0,0,1,1,1,0,0,1,10.0,f,no,no,Others,Unknown,children,uci_real,0
1,0,1,1,1,1,0,0,1,1,14.9,f,no,no,White-European,New Zealand,children,synthetic_calibrated,1
0,0,0,0,1,0,0,0,0,0,3.6,f,no,no,Black,Canada,children,synthetic_calibrated,0
0,1,1,0,0,0,0,0,0,0,1.0,f,yes,no,White-European,Australia,adults,synthetic_calibrated,0
0,1,1,1,1,1,1,0,0,0,22.3,f,no,no,Latino,Others,adults,synthetic_calibrated,0
0,1,0,0,0,0,0,0,1,0,15.2,m,no,no,Pasifika,Others,adolescents,synthetic_calibrated,0
1,0,0,0,0,0,1,0,0,0,4.0,f,no,no,Black,Unknown,children,uci_real,0
0,0,0,1,0,0,0,1,1,0,40.6,m,no,no,Asian,UAE,adults,synthetic_calibrated,0
1,1,1,1,1,1,1,0,1,1,33.3,f,no,no,Asian,Australia,adults,synthetic_calibrated,1
1,0,0,0,0,0,0,0,0,0,11.4,m,no,no,Asian,UAE,children,synthetic_calibrated,0
0,0,0,1,0,0,1,1,0,1,32.0,m,no,no,Asian,Unknown,adults,uci_real,0
1,0,0,0,0,0,0,0,0,1,34.6,m,no,no,Middle Eastern,United States,children,synthetic_calibrated,0
1,1,1,1,1,1,1,1,1,1,18.8,f,no,no,Hispanic,Saudi Arabia,toddlers,synthetic_calibrated,1
1,0,0,1,1,0,0,1,0,1,21.0,f,no,no,Asian,Unknown,adults,uci_real,0
1,0,1,1,1,0,1,1,1,1,11.0,f,no,no,Hispanic,India,children,synthetic_calibrated,1
1,1,0,0,0,0,1,0,0,0,12.0,f,no,no,Latino,India,adults,synthetic_calibrated,0
1,1,1,1,1,0,1,1,0,1,23.2,m,yes,no,Hispanic,UAE,toddlers,synthetic_calibrated,1
1,0,0,0,1,1,1,1,1,1,49.0,m,no,no,Black,Unknown,adults,uci_real,1
0,1,1,1,0,1,1,0,0,1,9.7,f,no,no,Others,United Kingdom,adults,synthetic_calibrated,0
0,0,0,1,1,0,0,1,0,1,22.0,m,no,no,Asian,Unknown,adults,uci_real,0
1,0,0,0,0,0,0,1,0,1,27.0,f,no,no,'Middle Eastern ',Unknown,adults,uci_real,0
1,1,1,1,1,1,1,0,1,1,30.0,f,no,no,Pasifika,UAE,adolescents,synthetic_calibrated,1
1,1,0,0,0,0,0,1,1,1,1.0,m,no,no,Black,United States,adults,synthetic_calibrated,0
1,1,1,1,1,1,1,1,0,1,22.0,f,no,no,White-European,Unknown,adults,uci_real,1
0,1,0,0,0,0,1,1,0,0,36.4,m,no,no,Others,India,adolescents,synthetic_calibrated,0
0,1,1,0,0,1,1,0,0,0,7.5,m,yes,no,Pasifika,Saudi Arabia,toddlers,synthetic_calibrated,0
0,0,0,1,1,1,1,0,1,1,32.0,f,no,no,nan,Unknown,adults,uci_real,0
0,0,0,1,0,1,0,0,0,1,26.3,f,no,no,Latino,Saudi Arabia,children,synthetic_calibrated,0
0,1,1,0,0,1,0,0,0,0,55.0,m,no,no,White-European,Unknown,adults,uci_real,0
1,0,0,1,1,0,0,0,0,1,20.0,m,no,no,'Middle Eastern ',Unknown,adults,uci_real,0
0,0,0,0,0,0,1,1,0,0,21.6,m,no,no,Hispanic,Canada,toddlers,synthetic_calibrated,0
1,0,1,1,1,1,1,1,1,1,9.6,f,no,no,Others,Saudi Arabia,children,synthetic_calibrated,1
0,0,0,0,0,0,1,0,0,0,7.0,m,no,no,Others,Unknown,children,uci_real,0
0,1,0,1,0,1,0,1,0,1,28.0,m,no,no,Asian,India,adolescents,synthetic_calibrated,0
0,1,1,1,0,1,0,0,1,0,12.2,m,yes,no,Middle Eastern,Others,adolescents,synthetic_calibrated,0
1,1,0,0,1,1,0,0,0,1,20.8,f,no,no,Latino,India,adults,synthetic_calibrated,0
1,0,0,1,1,1,0,0,0,1,22.2,f,no,no,South Asian,Others,adults,synthetic_calibrated,0
1,0,0,1,0,0,1,0,0,1,35.5,m,no,no,Black,India,children,synthetic_calibrated,0
0,0,1,0,1,1,0,1,0,0,9.8,f,no,no,Middle Eastern,Others,adults,synthetic_calibrated,0
0,1,1,0,0,0,0,1,0,1,53.9,f,no,no,Latino,United Kingdom,adults,synthetic_calibrated,0
1,0,1,0,1,1,1,1,1,0,19.0,m,no,no,Hispanic,Unknown,adults,uci_real,1
0,0,0,1,0,0,0,0,0,0,52.0,f,no,no,White-European,Unknown,adults,uci_real,0
1,0,0,1,0,1,0,1,0,0,41.3,m,no,no,Asian,India,toddlers,synthetic_calibrated,0
1,1,1,1,1,1,0,1,1,1,29.5,f,no,no,Others,United States,children,synthetic_calibrated,1
1,0,1,1,1,0,1,1,0,1,34.6,m,no,no,White-European,United States,adolescents,synthetic_calibrated,0
0,0,0,0,1,1,0,1,0,0,13.7,m,no,no,South Asian,New Zealand,toddlers,synthetic_calibrated,0
0,1,0,0,0,0,0,0,1,0,40.5,f,no,no,Middle Eastern,United Kingdom,adolescents,synthetic_calibrated,0
1,1,1,0,0,1,0,1,0,0,25.8,f,no,no,Asian,New Zealand,children,synthetic_calibrated,0
1,1,1,1,1,0,0,1,1,1,36.4,m,no,no,Asian,United States,children,synthetic_calibrated,1
0,0,0,1,1,0,0,0,0,0,20.2,f,no,no,Others,UAE,adolescents,synthetic_calibrated,0
1,0,1,0,1,1,1,1,1,1,1.0,m,yes,no,Latino,Canada,toddlers,synthetic_calibrated,1
1,0,1,0,1,1,0,0,0,0,9.0,m,yes,no,Middle Eastern,Saudi Arabia,children,synthetic_calibrated,0
1,0,0,0,0,0,1,0,0,0,21.0,f,no,no,nan,Unknown,adults,uci_real,0
0,0,0,0,0,0,0,1,0,1,45.4,m,no,no,Others,Australia,toddlers,synthetic_calibrated,0
1,0,1,0,0,0,1,1,1,0,19.8,m,no,no,Asian,UAE,adults,synthetic_calibrated,0
0,1,0,1,1,0,1,1,0,0,60.8,f,no,no,Black,Australia,adults,synthetic_calibrated,0
0,0,0,0,0,0,0,1,1,0,20.0,m,yes,no,nan,Unknown,adults,uci_real,0
1,0,0,0,1,0,1,0,0,1,4.0,m,no,no,White-European,Unknown,children,uci_real,0
1,0,0,0,0,0,1,1,0,1,17.0,f,no,no,nan,Unknown,adults,uci_real,0
0,1,0,0,0,0,1,1,0,1,24.0,f,no,no,'Middle Eastern ',Unknown,adults,uci_real,0
1,1,1,1,0,1,1,1,1,0,17.0,m,yes,no,Asian,Unknown,adults,uci_real,1
1,0,0,0,1,0,0,0,0,0,20.2,f,no,no,Black,Australia,adults,synthetic_calibrated,0
1,0,1,1,0,1,0,1,1,0,17.0,m,no,no,Asian,Australia,children,synthetic_calibrated,0
1,1,0,0,1,0,0,0,0,0,22.0,m,no,no,White-European,Unknown,adults,uci_real,0
1,1,0,1,1,0,1,1,1,1,17.8,m,no,no,Hispanic,United States,children,synthetic_calibrated,1
0,0,0,1,0,0,0,1,0,1,46.0,m,no,no,Others,Unknown,adults,uci_real,0
1,0,0,0,1,0,0,1,0,0,36.0,m,no,no,Latino,United Kingdom,children,synthetic_calibrated,0
1,0,1,1,1,1,0,0,1,1,2.6,f,no,no,South Asian,United Kingdom,children,synthetic_calibrated,1
0,0,1,1,0,0,0,0,0,1,9.6,f,no,no,Hispanic,Canada,adolescents,synthetic_calibrated,0
0,0,0,0,1,0,1,0,0,1,13.6,m,no,no,Hispanic,UAE,children,synthetic_calibrated,0
0,0,0,0,0,0,0,1,0,1,35.5,m,no,no,Others,United Kingdom,children,synthetic_calibrated,0
0,0,1,0,1,0,1,1,0,1,44.5,m,no,no,Asian,Saudi Arabia,children,synthetic_calibrated,0
1,1,1,0,0,0,1,1,0,1,22.6,f,no,no,South Asian,Others,children,synthetic_calibrated,0
1,1,0,0,0,0,1,0,0,1,9.0,m,no,no,White-European,Unknown,children,uci_real,0
0,0,1,0,1,0,0,0,0,1,32.3,m,no,no,Latino,Saudi Arabia,children,synthetic_calibrated,0
1,1,1,1,0,0,0,0,0,1,27.0,f,no,no,'South Asian',Unknown,adults,uci_real,0
0,1,0,0,0,1,0,1,1,1,18.3,m,yes,no,White-European,United States,toddlers,synthetic_calibrated,0
0,1,0,0,0,0,0,1,0,0,21.0,m,no,no,nan,Unknown,adults,uci_real,0
0,0,1,0,0,0,0,1,1,1,26.0,f,no,no,Others,Unknown,adults,uci_real,0
1,0,0,0,0,0,0,1,0,0,48.9,m,no,no,Asian,India,children,synthetic_calibrated,0
1,1,1,1,1,1,0,1,1,1,1.0,f,no,no,Pasifika,India,adults,synthetic_calibrated,1
1,1,0,1,1,1,0,1,1,1,53.0,f,no,no,White-European,Unknown,adults,uci_real,1
0,1,1,1,1,1,1,1,1,1,14.3,f,no,no,Hispanic,United Kingdom,adults,synthetic_calibrated,1
1,1,0,0,1,0,0,1,0,1,28.3,m,no,no,Latino,Australia,children,synthetic_calibrated,0
1,0,1,1,1,1,1,1,1,0,6.0,m,no,no,White-European,Unknown,children,uci_real,1
0,1,0,1,0,0,0,1,0,1,28.0,f,no,no,White-European,Unknown,adults,uci_real,0
1,0,0,0,0,0,0,0,0,1,26.4,m,no,no,Middle Eastern,India,adults,synthetic_calibrated,0
1,1,1,1,0,0,0,0,0,1,11.5,f,yes,no,Latino,UAE,adolescents,synthetic_calibrated,0
0,0,0,1,0,1,0,1,0,1,5.7,f,yes,no,White-European,Saudi Arabia,adults,synthetic_calibrated,0
0,1,1,0,1,0,0,0,0,1,4.0,m,no,yes,Asian,Unknown,children,uci_real,0
1,1,1,1,0,0,1,0,0,1,26.0,m,no,no,White-European,Unknown,adults,uci_real,0
1,0,0,0,0,0,0,1,0,1,25.8,f,no,no,Asian,India,adults,synthetic_calibrated,0
0,0,0,0,1,1,0,0,0,1,13.9,f,no,no,Latino,Others,toddlers,synthetic_calibrated,0
1,1,0,0,0,0,1,1,0,0,1.0,m,yes,no,Latino,Others,children,synthetic_calibrated,0
1,1,1,1,1,1,1,1,1,1,15.1,f,yes,no,Middle Eastern,United Kingdom,children,synthetic_calibrated,1
1,0,1,0,1,1,1,0,1,1,9.5,m,no,no,Pasifika,United Kingdom,children,synthetic_calibrated,1
1,1,1,1,1,0,1,0,0,1,43.7,m,yes,no,Pasifika,United States,children,synthetic_calibrated,0
1,0,0,1,0,0,0,1,0,1,38.3,f,no,no,White-European,United Kingdom,toddlers,synthetic_calibrated,0
1,1,1,0,1,0,0,0,0,1,14.6,m,no,no,Black,Canada,adults,synthetic_calibrated,0
1,0,1,1,1,1,1,0,0,1,55.4,f,no,no,Others,New Zealand,adults,synthetic_calibrated,1
1,1,0,0,0,0,1,0,0,0,9.0,f,yes,no,nan,Unknown,children,uci_real,0
1,0,0,0,1,0,0,0,0,1,31.7,f,no,no,Hispanic,United Kingdom,children,synthetic_calibrated,0
1,1,0,1,1,1,1,1,0,1,48.0,f,no,no,White-European,Australia,adults,synthetic_calibrated,1
1,0,0,0,1,0,1,0,0,0,20.9,f,no,no,Black,New Zealand,adults,synthetic_calibrated,0
1,0,0,0,0,0,0,1,1,0,16.2,m,no,no,Asian,United States,children,synthetic_calibrated,0
1,0,0,0,1,1,0,1,0,0,14.9,f,no,no,Hispanic,New Zealand,adults,synthetic_calibrated,0
0,1,1,0,0,0,0,1,1,0,21.7,m,yes,no,Others,New Zealand,children,synthetic_calibrated,0
0,1,1,1,1,1,0,1,0,1,35.0,f,no,no,White-European,Unknown,adults,uci_real,1
1,1,1,1,1,1,1,1,1,1,20.0,m,no,no,'Middle Eastern ',Unknown,adults,uci_real,1
1,0,1,1,1,1,1,0,1,1,27.6,m,no,no,Pasifika,United States,adults,synthetic_calibrated,1
1,1,0,0,0,0,1,1,0,1,37.3,m,yes,no,Asian,United Kingdom,toddlers,synthetic_calibrated,0
1,0,1,1,0,0,0,0,1,0,18.6,m,no,no,South Asian,Australia,adults,synthetic_calibrated,0
1,0,0,0,1,0,1,0,0,1,8.9,f,yes,no,Asian,Saudi Arabia,children,synthetic_calibrated,0
0,1,0,0,0,0,0,0,0,0,42.3,m,no,no,Middle Eastern,United States,children,synthetic_calibrated,0
1,0,1,0,0,1,0,1,0,0,23.0,f,no,no,'Middle Eastern ',Unknown,adults,uci_real,0
1,0,1,1,1,0,0,1,1,1,16.7,f,no,no,South Asian,Canada,children,synthetic_calibrated,1
1,1,1,1,0,1,0,1,1,0,26.0,m,no,no,Middle Eastern,Saudi Arabia,children,synthetic_calibrated,1
1,0,0,0,1,1,0,0,1,1,9.5,m,no,no,Hispanic,United Kingdom,adults,synthetic_calibrated,0
1,0,0,0,1,0,0,0,0,0,30.0,f,no,no,Black,Unknown,adults,uci_real,0
0,1,0,0,0,1,0,1,0,1,23.0,f,no,no,'Middle Eastern ',Unknown,adults,uci_real,0
1,1,1,1,0,1,1,1,0,1,37.6,m,no,no,Asian,New Zealand,adolescents,synthetic_calibrated,1
1,0,1,1,1,1,0,0,1,1,6.0,f,yes,no,White-European,Unknown,children,uci_real,1
0,0,1,0,1,1,0,1,0,1,4.0,m,no,yes,nan,Unknown,children,uci_real,0
1,0,0,1,1,0,0,1,0,0,18.4,f,no,no,Others,UAE,toddlers,synthetic_calibrated,0
1,1,1,1,1,1,0,1,1,1,20.0,m,no,no,White-European,Unknown,adults,uci_real,1
1,0,0,1,0,0,1,1,0,1,27.7,m,no,no,Hispanic,Saudi Arabia,children,synthetic_calibrated,0
1,0,1,1,0,0,1,0,0,1,22.0,m,no,no,Black,UAE,children,synthetic_calibrated,0
1,0,1,1,1,1,0,1,0,1,10.6,m,no,no,Black,Others,children,synthetic_calibrated,1
1,1,1,0,1,1,0,1,1,1,20.5,f,no,no,White-European,United States,toddlers,synthetic_calibrated,1
0,0,0,0,0,0,0,0,0,0,40.0,f,no,no,'Middle Eastern ',Unknown,adults,uci_real,0
1,0,0,0,1,0,0,0,0,1,4.0,f,yes,yes,White-European,Unknown,children,uci_real,0
1,1,1,0,0,0,1,1,0,1,24.8,m,no,no,Black,New Zealand,toddlers,synthetic_calibrated,0
1,0,0,1,1,0,0,1,0,1,21.6,m,no,no,Others,UAE,children,synthetic_calibrated,0
0,1,1,1,1,0,1,1,1,1,37.6,m,no,no,White-European,United States,toddlers,synthetic_calibrated,1
1,0,0,1,0,0,0,1,1,1,18.5,m,no,no,Others,India,toddlers,synthetic_calibrated,0
0,1,0,1,0,0,0,1,1,1,27.5,f,no,no,Black,Australia,children,synthetic_calibrated,0
1,0,0,1,1,1,1,0,1,1,55.0,m,no,no,White-European,Unknown,adults,uci_real,1
1,0,1,1,0,1,1,1,1,1,14.7,f,no,no,Black,Others,adults,synthetic_calibrated,1
1,1,1,1,1,1,1,0,1,1,1.0,m,yes,no,South Asian,Others,toddlers,synthetic_calibrated,1
0,1,0,1,1,1,0,1,0,1,13.6,m,no,no,Pasifika,United Kingdom,adults,synthetic_calibrated,0
1,1,0,0,0,0,0,0,0,1,14.7,m,no,no,White-European,New Zealand,toddlers,synthetic_calibrated,0
0,0,1,1,0,0,0,0,0,1,34.0,f,no,no,'Middle Eastern ',Unknown,adults,uci_real,0
0,0,1,0,1,0,0,0,0,0,5.0,m,no,no,White-European,Unknown,children,uci_real,0
1,1,0,1,1,0,0,1,0,1,18.0,m,no,no,'Middle Eastern ',Unknown,adults,uci_real,0
1,1,1,1,1,1,1,1,1,1,21.0,f,no,no,White-European,Unknown,adults,uci_real,1
1,1,1,0,0,0,0,0,0,0,41.5,m,no,no,Others,United Kingdom,children,synthetic_calibrated,0
0,0,0,1,1,0,0,1,1,0,33.7,m,no,no,White-European,India,adolescents,synthetic_calibrated,0
0,0,1,1,1,1,1,1,1,1,28.8,m,no,no,White-European,Saudi Arabia,adults,synthetic_calibrated,1
1,0,0,0,1,0,0,0,1,0,25.5,f,no,no,South Asian,United States,adults,synthetic_calibrated,0
1,1,1,1,0,1,0,0,0,1,2.7,f,no,no,Pasifika,UAE,toddlers,synthetic_calibrated,1
1,0,1,1,1,1,1,1,1,1,22.5,m,no,no,Hispanic,United States,adults,synthetic_calibrated,1
1,1,1,1,1,1,0,0,1,1,44.0,m,no,no,nan,Unknown,adults,uci_real,1
1,0,0,0,0,1,1,0,0,0,12.5,m,no,no,Hispanic,New Zealand,children,synthetic_calibrated,0
1,0,1,0,1,0,0,0,0,0,36.6,f,no,no,White-European,Australia,adults,synthetic_calibrated,0
0,0,1,1,1,1,0,1,0,1,20.4,m,no,no,Asian,United Kingdom,adolescents,synthetic_calibrated,0
1,1,0,1,0,0,1,1,0,0,31.6,f,no,no,South Asian,Australia,adults,synthetic_calibrated,0
1,1,1,0,0,0,1,1,0,1,8.5,m,yes,no,Middle Eastern,Saudi Arabia,adults,synthetic_calibrated,0
1,1,1,1,1,0,0,1,0,1,21.0,m,no,no,Hispanic,Unknown,adults,uci_real,1
0,1,0,0,0,0,0,1,1,1,32.3,f,no,no,Middle Eastern,Others,children,synthetic_calibrated,0
0,1,1,1,0,0,0,1,0,1,43.0,m,no,no,White-European,Unknown,adults,uci_real,0
1,1,1,0,1,1,0,1,1,0,1.0,f,yes,no,White-European,UAE,toddlers,synthetic_calibrated,1
1,0,1,1,1,1,1,1,1,1,27.3,m,yes,no,South Asian,Saudi Arabia,children,synthetic_calibrated,1
1,1,0,0,1,0,1,1,0,0,6.0,m,no,no,Asian,Unknown,children,uci_real,0
1,1,1,1,1,0,0,1,1,1,5.4,f,yes,no,Hispanic,New Zealand,children,synthetic_calibrated,1
0,0,0,0,0,0,0,1,0,1,29.4,m,no,no,Hispanic,Canada,toddlers,synthetic_calibrated,0
0,1,0,1,0,0,0,0,0,0,5.8,m,yes,no,South Asian,UAE,adults,synthetic_calibrated,0
1,1,1,1,1,1,1,1,1,0,25.3,m,no,no,Pasifika,Others,adults,synthetic_calibrated,1
1,1,0,0,1,1,1,0,0,1,22.8,f,no,no,Latino,Others,adults,synthetic_calibrated,0
1,1,1,0,1,1,1,0,1,1,10.6,m,yes,no,Black,Australia,children,synthetic_calibrated,1
1,0,0,0,0,0,1,0,0,0,24.5,f,no,no,Hispanic,United Kingdom,children,synthetic_calibrated,0
1,1,1,0,1,1,1,1,0,1,28.0,m,no,no,White-European,Unknown,adults,uci_real,1
0,0,0,0,0,0,1,0,1,0,9.0,f,no,no,White-European,Unknown,children,uci_real,0
1,0,0,0,1,0,1,1,0,1,26.7,m,no,no,Middle Eastern,Canada,children,synthetic_calibrated,0
1,1,0,0,0,0,0,0,0,0,24.3,f,no,no,Black,United Kingdom,toddlers,synthetic_calibrated,0
1,0,0,0,1,0,1,0,0,1,18.2,f,no,no,Others,Saudi Arabia,adults,synthetic_calibrated,0
0,1,0,0,0,0,0,1,0,0,29.0,m,no,no,Black,Unknown,adults,uci_real,0
1,1,1,0,1,0,1,0,1,1,18.0,m,no,no,'Middle Eastern ',Unknown,adults,uci_real,1
0,1,0,1,0,1,0,0,1,0,45.8,f,no,no,Black,Others,children,synthetic_calibrated,0
1,1,0,0,1,0,1,0,0,1,25.9,f,no,no,White-European,United States,children,synthetic_calibrated,0
0,0,1,1,0,0,1,0,0,0,30.6,f,no,no,Hispanic,UAE,children,synthetic_calibrated,0
1,1,1,1,1,1,1,1,0,0,5.0,f,no,no,'Middle Eastern ',Unknown,children,uci_real,1
1,0,1,0,1,1,1,1,0,1,22.0,f,no,no,Hispanic,United Kingdom,adults,synthetic_calibrated,1
1,0,0,0,1,0,1,1,0,1,12.2,f,no,no,South Asian,Saudi Arabia,adults,synthetic_calibrated,0
0,0,0,0,0,0,1,0,0,1,2.9,m,no,no,White-European,New Zealand,toddlers,synthetic_calibrated,0
0,1,0,1,1,1,0,0,0,0,27.3,m,no,no,South Asian,Others,adults,synthetic_calibrated,0
1,1,1,0,0,1,0,1,0,0,28.3,m,yes,no,Others,Others,children,synthetic_calibrated,0
1,1,0,0,0,0,0,1,0,0,42.0,m,no,no,White-European,Unknown,adults,uci_real,0
0,1,0,0,0,0,1,0,0,0,7.8,f,yes,no,Others,UAE,toddlers,synthetic_calibrated,0
0,1,0,1,0,1,0,0,0,1,29.0,m,no,no,Asian,Unknown,adults,uci_real,0
1,1,1,1,1,1,0,1,1,1,37.0,m,no,no,White-European,Unknown,adults,uci_real,1
0,0,0,0,1,0,0,0,0,0,42.0,m,no,no,Black,Unknown,adults,uci_real,0
1,1,0,0,1,0,1,1,0,0,25.8,m,no,no,White-European,India,children,synthetic_calibrated,0
0,1,0,0,1,1,1,1,0,1,8.7,f,no,no,Middle Eastern,India,adolescents,synthetic_calibrated,0
1,1,0,0,0,0,0,1,0,1,26.8,f,no,no,Pasifika,Others,children,synthetic_calibrated,0
0,0,1,0,1,1,1,1,1,1,4.0,f,yes,no,Asian,Unknown,children,uci_real,1
1,0,0,0,1,0,0,0,0,0,49.4,m,no,no,White-European,New Zealand,children,synthetic_calibrated,0
1,1,0,0,1,0,1,0,1,0,40.6,m,no,no,Latino,India,children,synthetic_calibrated,0
1,0,1,0,1,0,0,0,0,1,1.0,m,yes,no,Middle Eastern,Saudi Arabia,adolescents,synthetic_calibrated,0
1,1,1,1,1,1,1,1,0,1,25.0,m,no,no,Latino,UAE,adults,synthetic_calibrated,1
1,0,0,0,0,0,0,1,0,0,24.0,m,no,no,'South Asian',Unknown,adults,uci_real,0
1,0,1,0,1,0,0,1,0,0,1.0,m,no,no,Hispanic,New Zealand,toddlers,synthetic_calibrated,0
0,1,1,0,0,0,1,0,0,1,36.0,m,no,no,White-European,Unknown,adults,uci_real,0
1,0,0,0,1,0,1,0,0,1,34.1,f,no,no,South Asian,Others,children,synthetic_calibrated,0
1,0,1,0,0,0,0,1,0,0,31.0,m,no,no,White-European,Saudi Arabia,adults,synthetic_calibrated,0
0,0,0,1,1,0,0,0,1,1,10.5,f,no,no,Middle Eastern,New Zealand,adults,synthetic_calibrated,0
1,0,1,1,0,0,0,1,0,1,8.0,m,no,no,'Middle Eastern ',Unknown,children,uci_real,0
0,0,0,0,1,0,0,0,0,1,25.0,m,no,no,Asian,Unknown,adults,uci_real,0
0,1,0,0,0,0,0,0,0,1,27.0,f,no,no,Middle Eastern,India,toddlers,synthetic_calibrated,0
1,0,1,0,1,0,1,1,1,1,35.1,f,no,no,Hispanic,United Kingdom,adolescents,synthetic_calibrated,1
1,1,1,1,1,1,1,1,1,0,31.8,f,no,no,White-European,United Kingdom,children,synthetic_calibrated,1
1,1,1,1,1,1,1,0,0,1,4.0,m,no,yes,White-European,Unknown,children,uci_real,1
0,0,1,0,0,0,0,0,0,0,20.0,m,no,no,Asian,Unknown,adults,uci_real,0
1,1,1,1,1,1,0,0,1,1,12.6,f,no,no,White-European,India,adults,synthetic_calibrated,1
1,1,1,0,0,1,1,1,1,1,6.0,f,yes,no,White-European,Unknown,children,uci_real,1
0,0,0,0,0,0,0,1,0,1,19.9,m,no,no,South Asian,UAE,adolescents,synthetic_calibrated,0
0,0,1,1,0,1,0,1,1,1,23.0,m,no,no,White-European,Unknown,adults,uci_real,0
1,1,1,1,1,1,0,1,1,0,38.3,m,yes,no,Middle Eastern,United Kingdom,toddlers,synthetic_calibrated,1
1,0,0,0,1,0,0,0,0,1,12.9,m,no,no,Hispanic,United States,children,synthetic_calibrated,0
1,0,0,0,0,0,1,0,0,1,29.4,f,no,no,Latino,Saudi Arabia,adults,synthetic_calibrated,0
1,1,0,1,0,0,1,0,0,1,32.3,f,yes,no,Hispanic,United Kingdom,toddlers,synthetic_calibrated,0
1,0,0,0,1,0,0,1,0,0,31.1,m,no,no,Black,Australia,adolescents,synthetic_calibrated,0
1,0,0,0,1,1,0,0,1,0,17.0,f,no,no,Others,Others,children,synthetic_calibrated,0
1,1,1,1,1,1,1,1,1,1,45.4,m,no,no,Asian,India,toddlers,synthetic_calibrated,1
1,1,1,0,0,0,1,0,0,0,51.1,m,no,no,South Asian,Others,toddlers,synthetic_calibrated,0
1,0,1,0,1,0,1,0,0,1,7.0,m,no,no,Asian,Unknown,children,uci_real,0
1,1,1,0,1,1,1,1,1,1,4.0,m,no,no,'South Asian',Unknown,children,uci_real,1
1,0,0,0,1,0,0,0,0,0,27.2,m,no,no,Pasifika,Canada,adults,synthetic_calibrated,0
1,0,0,0,0,1,0,1,0,1,14.1,f,no,no,Middle Eastern,New Zealand,adults,synthetic_calibrated,0
1,0,1,1,1,1,1,1,1,1,5.0,m,no,no,Others,Unknown,children,uci_real,1
1,1,1,1,1,1,1,1,1,1,33.8,m,yes,no,Middle Eastern,UAE,adolescents,synthetic_calibrated,1
1,0,1,0,0,0,0,1,0,1,31.5,f,no,no,Black,New Zealand,toddlers,synthetic_calibrated,0
1,1,0,1,1,1,0,0,1,1,30.0,f,no,no,White-European,Unknown,adults,uci_real,1
1,0,1,1,1,0,0,1,1,1,30.6,m,no,no,Hispanic,India,children,synthetic_calibrated,1
1,0,1,1,1,1,1,1,1,1,36.2,m,no,no,Middle Eastern,UAE,adolescents,synthetic_calibrated,1
1,0,0,1,0,0,0,1,0,1,39.4,f,no,no,Hispanic,United Kingdom,adolescents,synthetic_calibrated,0
1,1,1,1,1,1,1,1,1,1,5.0,m,yes,no,Others,Unknown,children,uci_real,1
1,0,1,1,0,1,1,1,0,0,22.3,f,no,no,Asian,Others,adults,synthetic_calibrated,1
0,1,0,0,1,1,0,0,1,0,19.0,m,no,no,nan,Unknown,adults,uci_real,0
0,0,0,0,0,0,0,1,1,1,20.5,m,no,no,White-European,Saudi Arabia,adults,synthetic_calibrated,0
1,0,1,0,0,0,0,1,0,1,21.0,f,no,no,White-European,United States,children,synthetic_calibrated,0
1,0,1,0,0,0,1,0,0,1,53.5,f,no,no,Others,Saudi Arabia,children,synthetic_calibrated,0
1,1,1,0,1,1,0,1,1,1,20.0,f,no,no,White-European,Unknown,adults,uci_real,1
0,1,0,0,0,1,1,0,0,1,12.8,m,no,no,Others,Australia,adults,synthetic_calibrated,0
0,1,0,0,0,1,0,1,0,0,38.4,m,no,no,Black,New Zealand,adults,synthetic_calibrated,0
0,0,0,0,1,1,0,1,1,0,20.7,m,no,no,Pasifika,India,adults,synthetic_calibrated,0
1,1,1,1,1,1,1,1,1,1,4.0,m,yes,no,White-European,Unknown,children,uci_real,1
1,1,1,0,1,1,0,1,1,0,33.5,m,no,no,Black,Saudi Arabia,children,synthetic_calibrated,1
0,1,0,0,1,0,0,1,1,0,26.5,m,no,no,South Asian,India,toddlers,synthetic_calibrated,0
1,1,0,0,0,0,0,0,0,0,17.3,f,yes,no,Hispanic,New Zealand,toddlers,synthetic_calibrated,0
1,1,1,1,1,1,1,1,0,0,37.3,f,yes,no,Pasifika,Saudi Arabia,adults,synthetic_calibrated,1
1,1,0,1,1,0,0,1,0,0,33.0,m,no,no,Asian,India,children,synthetic_calibrated,0
1,1,1,1,1,1,0,0,0,1,14.4,f,no,no,White-European,Others,children,synthetic_calibrated,1
1,0,0,0,0,0,1,1,0,1,26.6,f,no,no,Hispanic,Australia,adults,synthetic_calibrated,0
1,0,0,0,1,0,0,1,0,1,30.0,f,no,no,Asian,Unknown,adults,uci_real,0
1,0,0,0,0,0,1,1,1,1,2.2,f,no,no,Asian,United Kingdom,adolescents,synthetic_calibrated,0
1,1,0,0,0,0,1,0,0,1,55.0,f,no,no,Others,Unknown,adults,uci_real,0
0,1,1,1,1,0,1,0,0,1,42.8,m,no,no,Pasifika,Saudi Arabia,children,synthetic_calibrated,0
1,1,1,1,0,0,0,1,0,0,44.0,f,no,no,White-European,Unknown,adults,uci_real,0
1,0,0,0,0,0,0,1,0,0,26.0,f,no,no,Asian,Unknown,adults,uci_real,0
0,0,0,0,0,0,0,0,0,0,40.6,m,no,no,Latino,United States,children,synthetic_calibrated,0
1,0,1,0,0,0,0,1,0,0,22.3,m,no,no,Hispanic,United Kingdom,adolescents,synthetic_calibrated,0
1,1,1,0,0,1,1,1,0,1,1.0,m,no,no,Pasifika,Others,children,synthetic_calibrated,1
1,0,1,1,1,1,1,1,1,0,15.3,f,no,no,Others,Canada,children,synthetic_calibrated,1
0,0,0,0,1,0,1,1,0,1,1.0,f,no,no,Others,Others,children,synthetic_calibrated,0
1,0,0,1,1,0,1,1,0,1,22.9,m,no,no,Latino,United States,adults,synthetic_calibrated,0
1,0,0,1,0,0,0,1,0,0,48.9,f,no,no,Others,Saudi Arabia,toddlers,synthetic_calibrated,0
1,0,0,0,0,0,0,1,0,1,32.5,f,no,no,White-European,United States,adults,synthetic_calibrated,0
1,1,1,1,1,1,1,1,1,1,15.7,m,no,no,Others,Saudi Arabia,children,synthetic_calibrated,1
0,1,0,0,0,0,1,1,0,0,27.2,m,no,no,South Asian,United States,toddlers,synthetic_calibrated,0
1,0,1,0,0,0,0,0,0,0,22.0,m,no,no,White-European,Unknown,adults,uci_real,0
1,1,1,0,0,0,0,1,0,1,21.0,f,no,no,nan,Unknown,adults,uci_real,0
1,1,0,0,0,0,1,1,1,1,33.8,f,no,no,Black,United States,adolescents,synthetic_calibrated,0
0,1,1,1,1,1,1,1,0,1,16.3,m,yes,no,White-European,United States,children,synthetic_calibrated,1
0,1,0,0,0,0,1,0,0,1,48.2,f,no,no,Pasifika,Australia,adults,synthetic_calibrated,0
1,1,1,1,1,0,0,1,1,0,36.0,f,no,no,White-European,Unknown,adults,uci_real,1
1,0,1,1,1,1,1,1,1,1,4.0,f,no,no,White-European,Unknown,children,uci_real,1
0,1,0,0,0,0,0,0,1,1,53.4,f,no,no,Asian,United States,children,synthetic_calibrated,0
1,0,1,0,1,1,1,1,0,1,15.3,f,no,no,Hispanic,Canada,children,synthetic_calibrated,1
0,0,0,0,0,0,1,1,0,1,24.0,m,no,no,Asian,Unknown,adults,uci_real,0
0,1,0,0,1,1,1,1,0,1,13.6,f,yes,no,Latino,United States,adults,synthetic_calibrated,0
1,1,1,1,1,1,1,1,1,1,19.2,f,yes,no,South Asian,Saudi Arabia,adults,synthetic_calibrated,1
1,0,0,1,1,0,1,1,0,0,25.7,f,no,no,White-European,Others,children,synthetic_calibrated,0
0,1,0,0,0,1,1,0,0,0,19.6,f,no,no,South Asian,United States,children,synthetic_calibrated,0
0,0,1,0,1,1,0,1,0,0,15.0,m,no,no,Middle Eastern,United Kingdom,adults,synthetic_calibrated,0
1,1,0,0,0,1,1,0,0,1,20.6,f,no,no,Hispanic,Australia,toddlers,synthetic_calibrated,0
1,1,1,1,1,1,0,0,1,1,52.7,m,yes,no,Pasifika,India,children,synthetic_calibrated,1
1,0,1,0,1,0,0,0,0,0,4.0,m,no,no,Turkish,Unknown,children,uci_real,0
0,1,1,0,0,1,0,0,0,1,16.4,f,no,no,Others,Others,adolescents,synthetic_calibrated,0
1,1,1,1,1,1,1,0,0,0,11.0,f,no,no,'Middle Eastern ',Unknown,children,uci_real,1
1,0,1,1,1,1,1,1,1,1,20.0,m,no,no,White-European,Unknown,adults,uci_real,1
1,0,1,0,0,0,0,1,0,0,18.1,m,no,no,Pasifika,Australia,adults,synthetic_calibrated,0
0,1,1,1,0,0,0,0,0,0,27.7,m,no,no,Latino,Australia,children,synthetic_calibrated,0
1,1,1,1,1,0,1,1,1,1,24.5,f,no,no,White-European,Canada,children,synthetic_calibrated,1
1,0,1,0,0,0,0,1,0,1,18.6,m,no,no,Asian,United Kingdom,toddlers,synthetic_calibrated,0
0,0,1,1,0,0,1,0,0,1,1.0,m,no,no,Pasifika,India,adults,synthetic_calibrated,0
1,1,0,0,1,0,0,0,0,0,35.6,f,no,no,Black,Canada,children,synthetic_calibrated,0
1,0,0,1,0,1,0,0,0,0,26.1,m,no,no,Pasifika,New Zealand,adults,synthetic_calibrated,0
1,0,1,0,0,0,0,1,0,1,27.5,f,yes,no,Others,United States,adolescents,synthetic_calibrated,0
1,0,0,1,0,0,0,1,0,0,47.0,m,no,no,nan,Unknown,adults,uci_real,0
1,0,0,0,0,0,0,0,0,0,383.0,f,no,no,Pasifika,Unknown,adults,uci_real,0
0,0,0,0,0,0,0,1,0,1,33.9,f,no,no,Black,UAE,adults,synthetic_calibrated,0
1,0,1,1,1,1,0,0,0,0,9.0,f,no,no,Others,New Zealand,adults,synthetic_calibrated,0
0,1,0,0,0,0,0,1,0,1,19.7,m,yes,no,Asian,UAE,adults,synthetic_calibrated,0
1,1,0,1,1,0,1,1,1,1,24.2,f,no,no,Pasifika,Canada,adults,synthetic_calibrated,1
1,1,1,1,1,0,1,1,0,1,38.0,f,no,no,Black,Unknown,adults,uci_real,1
1,0,0,1,1,0,1,1,0,0,32.8,f,no,no,Black,United States,children,synthetic_calibrated,1
1,0,0,0,0,0,1,1,0,0,12.6,f,yes,no,Black,UAE,adults,synthetic_calibrated,0
1,1,1,0,0,0,0,0,0,0,4.0,m,no,no,White-European,Unknown,children,uci_real,0
1,1,1,0,1,1,0,0,1,1,10.0,f,no,no,Asian,Unknown,children,uci_real,1
1,0,1,0,1,0,0,1,0,1,29.0,m,no,no,'Middle Eastern ',Unknown,adults,uci_real,0
1,0,1,1,0,1,0,0,0,0,29.0,f,no,no,Pasifika,India,toddlers,synthetic_calibrated,0
0,1,0,0,1,1,0,1,0,1,9.1,m,no,no,Middle Eastern,UAE,adults,synthetic_calibrated,0
1,0,0,1,1,0,1,1,1,1,28.0,f,no,no,nan,Unknown,adults,uci_real,1
0,0,1,0,1,0,0,0,0,1,25.7,m,no,no,Pasifika,United States,children,synthetic_calibrated,0
1,0,1,1,1,0,1,1,1,1,8.9,m,no,no,White-European,Saudi Arabia,toddlers,synthetic_calibrated,1
1,1,1,0,0,0,0,0,1,0,39.4,f,no,no,Pasifika,India,children,synthetic_calibrated,0
0,1,0,0,0,0,0,0,0,0,4.0,m,no,no,'Middle Eastern ',Unknown,children,uci_real,0
1,1,1,1,1,0,0,0,0,1,7.8,f,no,no,Pasifika,United States,adults,synthetic_calibrated,1
0,1,0,0,0,0,0,1,0,0,31.8,m,yes,no,Asian,Others,toddlers,synthetic_calibrated,0
1,1,0,1,1,1,1,1,0,1,20.3,f,no,no,Others,United Kingdom,children,synthetic_calibrated,0
1,1,1,1,1,0,1,1,0,0,31.1,m,no,no,Middle Eastern,Australia,adults,synthetic_calibrated,1
0,1,0,1,0,1,0,0,1,1,10.0,m,no,no,Others,Unknown,children,uci_real,0
1,1,1,1,0,0,0,1,0,1,25.2,m,no,no,Black,New Zealand,adults,synthetic_calibrated,0
0,0,0,0,0,0,0,0,0,0,53.0,m,no,no,White-European,Canada,children,synthetic_calibrated,0
1,1,0,1,0,0,1,1,1,0,44.2,f,no,no,Middle Eastern,Saudi Arabia,adolescents,synthetic_calibrated,0
0,0,1,0,1,0,0,1,0,1,23.8,m,no,no,Latino,New Zealand,adults,synthetic_calibrated,0
1,0,0,0,0,1,0,0,0,1,34.0,f,no,no,White-European,Unknown,adults,uci_real,0
1,1,1,1,1,0,0,1,0,1,32.5,m,no,no,Hispanic,Australia,adults,synthetic_calibrated,1
0,0,0,1,1,1,0,0,1,1,10.7,m,no,no,White-European,Australia,children,synthetic_calibrated,1
0,0,0,0,0,1,1,0,0,0,12.6,m,yes,no,Middle Eastern,United States,adults,synthetic_calibrated,0
1,0,1,1,0,1,1,1,0,1,20.0,f,no,no,Others,Unknown,adults,uci_real,1
1,1,0,1,1,0,1,1,0,1,30.0,f,no,no,White-European,Unknown,adults,uci_real,1
0,1,1,0,0,0,0,0,0,1,9.7,f,no,no,Black,UAE,toddlers,synthetic_calibrated,0
0,0,1,0,1,1,0,1,0,0,27.6,f,no,no,Others,Canada,children,synthetic_calibrated,0
0,0,0,1,0,0,1,1,0,0,23.9,f,no,no,Black,United Kingdom,children,synthetic_calibrated,0
1,1,0,0,0,0,1,0,0,0,26.2,m,yes,no,Pasifika,New Zealand,toddlers,synthetic_calibrated,0
0,0,0,0,1,1,1,0,1,0,5.0,m,no,no,Others,Unknown,children,uci_real,0
1,1,1,1,1,1,1,0,1,1,30.7,m,yes,no,Others,UAE,toddlers,synthetic_calibrated,1
1,0,1,1,1,1,0,0,1,1,20.2,m,no,no,Latino,United Kingdom,adults,synthetic_calibrated,1
1,1,1,1,1,1,1,0,1,1,14.0,f,no,no,White-European,Others,adults,synthetic_calibrated,1
1,0,0,0,0,0,1,1,0,1,29.0,f,no,no,Asian,Unknown,adults,uci_real,0
1,1,1,0,0,1,1,0,0,1,21.3,m,no,no,Middle Eastern,Saudi Arabia,toddlers,synthetic_calibrated,1
1,1,1,1,0,0,0,0,0,1,42.0,m,no,no,White-European,Unknown,adults,uci_real,0
0,1,1,0,0,0,1,0,0,1,31.8,f,no,no,Middle Eastern,United Kingdom,children,synthetic_calibrated,0
1,1,1,0,1,1,1,1,1,1,16.2,m,no,no,Asian,Australia,children,synthetic_calibrated,1
0,1,1,1,1,1,0,1,1,1,1.0,m,yes,no,Latino,Others,adults,synthetic_calibrated,0
1,0,1,0,1,0,0,0,0,0,1.0,m,no,no,Pasifika,Saudi Arabia,adults,synthetic_calibrated,0
1,0,0,0,1,1,1,1,0,1,34.3,m,no,no,Middle Eastern,Others,adults,synthetic_calibrated,0
1,1,1,1,1,1,1,1,1,1,7.0,f,yes,yes,White-European,Unknown,children,uci_real,1
1,1,1,0,1,1,1,1,0,1,26.8,m,yes,no,Others,United Kingdom,toddlers,synthetic_calibrated,1
0,0,1,0,1,1,0,0,0,1,1.6,f,yes,no,Black,United Kingdom,children,synthetic_calibrated,0
0,0,0,0,0,0,0,1,0,1,42.0,m,yes,no,'Middle Eastern ',Unknown,adults,uci_real,0
0,0,0,0,1,0,1,0,1,1,19.4,f,no,no,Middle Eastern,Canada,children,synthetic_calibrated,0
0,0,0,0,0,0,1,1,1,1,23.1,m,no,no,Others,Australia,children,synthetic_calibrated,0
0,1,0,1,0,0,1,1,0,0,21.1,m,no,no,Hispanic,UAE,children,synthetic_calibrated,0
0,1,1,0,0,0,0,0,0,0,38.2,m,no,no,South Asian,UAE,children,synthetic_calibrated,0
1,0,0,0,0,0,0,0,0,0,12.6,f,yes,no,Others,New Zealand,toddlers,synthetic_calibrated,0
1,1,0,1,1,1,1,1,1,1,1.0,m,no,no,Middle Eastern,UAE,toddlers,synthetic_calibrated,1
1,0,1,0,1,0,1,1,0,0,9.6,m,no,no,Black,Australia,adults,synthetic_calibrated,0
1,1,0,0,1,1,1,1,0,1,33.2,f,no,no,Black,Australia,toddlers,synthetic_calibrated,0
1,0,1,1,1,1,1,1,1,1,31.0,f,no,no,nan,Unknown,adults,uci_real,1
0,0,1,1,0,0,1,1,1,0,10.0,m,no,no,White-European,Unknown,children,uci_real,0
1,0,0,0,1,0,1,1,0,0,29.0,f,no,no,Asian,Unknown,adults,uci_real,0
1,0,0,0,0,0,0,1,0,1,29.0,f,no,no,'South Asian',Unknown,adults,uci_real,0
1,0,0,0,0,0,0,1,0,1,23.0,m,no,no,Pasifika,Unknown,adults,uci_real,0
1,1,1,1,1,1,0,1,1,1,18.4,f,no,no,Asian,UAE,adults,synthetic_calibrated,1
1,1,0,0,1,1,1,1,0,1,37.0,f,no,no,Others,Unknown,adults,uci_real,1
1,0,1,1,1,1,1,1,1,1,51.9,m,yes,no,Asian,India,adolescents,synthetic_calibrated,1
0,1,0,0,0,0,1,1,0,0,42.9,m,no,no,Middle Eastern,Saudi Arabia,toddlers,synthetic_calibrated,0
1,1,1,1,1,0,1,1,1,1,40.2,f,no,no,White-European,New Zealand,children,synthetic_calibrated,1
1,0,0,0,0,0,0,0,1,1,33.9,f,no,no,Middle Eastern,United Kingdom,adolescents,synthetic_calibrated,0
1,1,1,1,1,0,0,1,1,1,43.4,f,no,no,Asian,India,toddlers,synthetic_calibrated,1
1,0,0,0,1,1,0,1,0,0,20.1,f,no,no,Asian,UAE,children,synthetic_calibrated,0
1,1,0,0,0,0,1,1,0,1,29.0,f,no,no,'South Asian',Unknown,adults,uci_real,0
0,0,0,0,0,0,0,0,0,0,nan,m,no,no,nan,Unknown,adults,uci_real,0
1,0,0,1,1,0,0,1,0,0,54.6,m,no,no,Latino,UAE,toddlers,synthetic_calibrated,0
0,0,1,1,1,1,0,1,1,1,8.0,m,no,no,White-European,Unknown,children,uci_real,1
1,1,1,1,1,0,0,0,1,1,31.3,m,no,no,White-European,United States,children,synthetic_calibrated,1
1,0,0,1,0,1,1,1,0,1,33.9,m,no,no,Others,United States,adolescents,synthetic_calibrated,0
1,1,1,1,1,1,0,1,0,0,58.0,f,no,no,'Middle Eastern ',Unknown,adults,uci_real,1
1,1,1,1,1,1,0,1,0,1,54.4,m,yes,no,Hispanic,United States,adolescents,synthetic_calibrated,1
1,1,1,1,1,0,1,0,1,1,21.0,f,no,no,nan,Unknown,adults,uci_real,1
1,1,1,1,0,1,1,1,1,1,11.0,f,no,no,Others,Unknown,children,uci_real,1
1,0,0,0,0,0,1,0,0,1,25.0,m,no,no,Black,Canada,adolescents,synthetic_calibrated,0
1,0,1,0,1,0,0,1,0,1,50.1,m,no,no,White-European,Australia,children,synthetic_calibrated,0
1,0,1,1,1,1,1,1,0,1,13.4,m,no,no,South Asian,Australia,adults,synthetic_calibrated,1
0,0,0,1,1,0,1,0,0,0,32.3,f,no,no,White-European,United States,adults,synthetic_calibrated,0
1,0,1,0,0,1,0,0,0,0,3.8,f,no,no,Latino,United States,adolescents,synthetic_calibrated,0
1,1,1,0,0,0,1,0,0,0,20.9,f,no,no,South Asian,Others,children,synthetic_calibrated,0
0,0,1,0,0,0,1,0,0,1,7.0,m,no,no,'Middle Eastern ',Unknown,children,uci_real,0
1,1,1,1,1,0,1,1,1,1,46.6,m,yes,no,Black,Australia,children,synthetic_calibrated,1
1,0,1,1,0,0,1,1,0,1,27.5,f,no,no,South Asian,India,children,synthetic_calibrated,0
1,0,0,0,0,0,1,0,0,0,9.1,m,yes,no,Middle Eastern,India,children,synthetic_calibrated,0
1,1,0,1,1,0,0,1,0,1,45.0,m,no,no,Middle Eastern,Canada,adolescents,synthetic_calibrated,0
1,1,1,1,1,1,1,1,0,1,25.8,f,no,no,Black,Canada,adults,synthetic_calibrated,1
1,0,0,0,0,0,1,0,0,0,21.7,m,no,no,White-European,Saudi Arabia,children,synthetic_calibrated,0
1,0,1,0,0,0,0,0,1,0,4.0,f,no,yes,White-European,Unknown,children,uci_real,0
1,1,1,1,1,1,0,1,1,1,14.9,f,no,no,Others,Saudi Arabia,adults,synthetic_calibrated,1
1,1,1,1,0,1,0,0,0,0,9.0,m,no,no,Pasifika,United States,adults,synthetic_calibrated,0
1,0,0,1,1,1,0,1,0,1,1.0,m,yes,no,Others,UAE,children,synthetic_calibrated,1
0,0,0,0,0,0,0,0,0,0,5.0,f,no,no,Hispanic,Unknown,children,uci_real,0
0,1,1,0,0,0,0,1,0,0,18.4,f,no,no,White-European,New Zealand,adults,synthetic_calibrated,0
1,0,1,0,0,0,0,1,0,1,24.2,m,no,no,Middle Eastern,Canada,adults,synthetic_calibrated,0
1,1,0,1,1,1,1,1,1,1,57.7,f,no,no,Asian,Australia,children,synthetic_calibrated,1
0,1,0,0,1,1,0,1,1,1,22.6,m,no,no,Black,New Zealand,adolescents,synthetic_calibrated,1
0,1,1,1,1,1,1,1,1,1,25.5,m,no,no,Middle Eastern,India,children,synthetic_calibrated,1
1,0,0,0,1,0,1,0,0,0,42.8,f,no,no,Hispanic,New Zealand,adults,synthetic_calibrated,0
0,0,0,0,1,0,0,0,0,1,23.2,f,no,no,Pasifika,Australia,children,synthetic_calibrated,0
1,1,0,1,0,0,1,0,0,0,26.2,m,no,no,South Asian,Australia,adolescents,synthetic_calibrated,0
1,1,0,1,1,1,1,1,0,1,20.5,m,no,no,Asian,Australia,adults,synthetic_calibrated,1
1,1,0,1,0,0,0,1,0,1,22.3,m,no,no,South Asian,Others,children,synthetic_calibrated,0
1,0,0,0,1,1,1,0,1,1,1.0,f,no,no,Hispanic,Saudi Arabia,adults,synthetic_calibrated,1
0,1,0,0,1,0,1,1,0,0,33.0,m,no,no,Asian,Unknown,adults,uci_real,0
1,0,1,1,0,0,0,0,0,1,16.5,m,no,no,Others,United States,toddlers,synthetic_calibrated,0
1,0,0,0,1,1,1,1,1,0,31.3,f,no,no,White-European,United Kingdom,children,synthetic_calibrated,1
1,1,0,0,0,0,0,1,0,0,36.3,m,no,no,Middle Eastern,Canada,adults,synthetic_calibrated,0
0,1,1,1,1,1,0,0,0,1,20.3,f,no,no,Middle Eastern,United States,children,synthetic_calibrated,0
0,1,1,1,0,1,0,1,0,1,13.4,m,no,no,Pasifika,Canada,children,synthetic_calibrated,1
1,1,1,1,1,1,0,0,1,0,57.6,f,no,no,Middle Eastern,UAE,adolescents,synthetic_calibrated,1
1,0,0,0,1,0,1,1,0,1,23.0,f,no,no,Others,Unknown,adults,uci_real,0
0,0,0,0,1,0,1,0,0,0,8.9,m,no,no,Asian,UAE,toddlers,synthetic_calibrated,0
0,0,1,1,0,0,0,0,0,0,29.3,m,no,no,South Asian,UAE,toddlers,synthetic_calibrated,0
1,0,0,1,0,1,0,1,1,1,20.3,m,no,no,Latino,Australia,toddlers,synthetic_calibrated,1
1,1,1,1,1,1,0,1,1,1,4.0,m,no,no,'South Asian',Unknown,children,uci_real,1
1,1,1,1,1,0,0,1,0,1,1.0,m,yes,no,Hispanic,New Zealand,adults,synthetic_calibrated,1
0,1,1,1,0,1,0,0,0,1,10.0,f,no,no,Asian,Unknown,children,uci_real,0
1,1,0,1,0,0,1,1,0,1,35.0,f,no,no,White-European,Unknown,adults,uci_real,0
1,1,1,1,1,1,0,1,1,1,8.1,f,no,no,Pasifika,Australia,toddlers,synthetic_calibrated,1
1,0,1,1,1,0,0,1,0,1,1.0,m,no,no,Middle Eastern,Australia,children,synthetic_calibrated,1
1,0,1,1,0,0,1,1,0,0,34.0,m,no,no,Asian,Saudi Arabia,children,synthetic_calibrated,0
1,0,0,1,1,1,1,1,1,1,20.0,m,no,no,'South Asian',Unknown,adults,uci_real,1
1,1,1,0,0,0,0,0,0,0,36.2,f,no,no,South Asian,Saudi Arabia,children,synthetic_calibrated,0
1,0,1,0,0,0,0,1,0,0,34.2,f,yes,no,Hispanic,Canada,adolescents,synthetic_calibrated,0
0,0,0,0,0,0,0,0,0,1,29.0,m,no,no,Latino,United States,toddlers,synthetic_calibrated,0
1,1,1,1,1,1,0,1,1,1,31.0,m,no,no,Turkish,Unknown,adults,uci_real,1
1,1,1,1,1,1,0,0,1,1,19.8,f,no,no,Middle Eastern,Others,children,synthetic_calibrated,0
1,0,0,1,1,1,0,1,1,1,16.6,f,no,no,Asian,UAE,adolescents,synthetic_calibrated,1
1,1,0,0,0,0,0,1,0,0,23.0,m,no,no,'South Asian',Unknown,adults,uci_real,0
1,0,1,1,1,1,1,0,0,1,35.0,f,yes,no,White-European,Unknown,adults,uci_real,1
1,1,0,0,0,0,0,1,0,0,22.0,m,no,no,Others,Unknown,adults,uci_real,0
1,0,1,1,1,1,0,1,0,0,1.0,m,no,no,Others,United Kingdom,children,synthetic_calibrated,1
0,1,1,0,1,0,0,1,0,0,25.0,m,no,no,nan,Unknown,adults,uci_real,0
1,0,0,0,1,0,1,1,0,1,28.0,m,no,no,White-European,Unknown,adults,uci_real,0
1,1,1,1,1,0,0,0,0,0,18.0,f,no,no,Asian,Unknown,adults,uci_real,0
1,1,1,1,0,0,0,0,1,0,64.0,m,no,no,White-European,Unknown,adults,uci_real,0
1,0,0,1,1,0,0,1,0,1,19.0,f,no,no,'South Asian',Unknown,adults,uci_real,0
0,1,0,0,0,0,0,1,0,0,27.0,m,no,no,'Middle Eastern ',Unknown,adults,uci_real,0
1,0,1,1,1,0,0,1,0,0,30.4,f,no,no,Middle Eastern,UAE,children,synthetic_calibrated,0
1,0,1,1,1,0,1,1,0,0,12.5,m,no,no,Hispanic,United States,toddlers,synthetic_calibrated,0
1,0,1,1,1,0,1,0,1,1,16.8,f,no,no,Others,Saudi Arabia,adults,synthetic_calibrated,1
1,0,1,1,1,1,0,1,0,1,29.5,f,no,no,Pasifika,United States,adults,synthetic_calibrated,1
1,1,1,1,1,0,1,1,0,1,1.0,m,yes,no,Asian,Others,adults,synthetic_calibrated,1
0,1,0,1,1,1,1,0,1,1,25.4,m,yes,no,Pasifika,New Zealand,children,synthetic_calibrated,0
0,1,0,0,0,0,0,0,0,0,7.0,f,yes,no,'Middle Eastern ',Unknown,children,uci_real,0
1,1,1,1,0,1,0,1,0,0,9.2,m,no,no,Middle Eastern,Saudi Arabia,children,synthetic_calibrated,0
1,0,0,1,0,1,1,1,0,0,25.6,m,no,no,Middle Eastern,United Kingdom,adults,synthetic_calibrated,0
0,0,0,0,0,0,0,0,0,0,18.0,m,no,no,White-European,Unknown,adults,uci_real,0
1,1,0,0,1,1,0,0,0,1,4.0,m,no,no,'South Asian',Unknown,children,uci_real,0
1,0,1,0,1,0,0,1,0,1,20.0,m,no,no,'Middle Eastern ',Unknown,adults,uci_real,0
0,1,1,1,1,0,0,1,0,1,25.7,m,no,no,Hispanic,Others,toddlers,synthetic_calibrated,0
0,0,0,1,0,0,1,1,0,0,26.3,f,no,no,Middle Eastern,New Zealand,toddlers,synthetic_calibrated,0
1,0,1,0,0,0,0,0,0,0,36.0,f,no,no,White-European,Unknown,adults,uci_real,0
1,1,1,1,1,1,1,0,1,1,15.7,f,yes,no,Black,Canada,children,synthetic_calibrated,1
1,0,1,1,1,1,0,1,0,0,30.0,m,no,no,Black,New Zealand,children,synthetic_calibrated,1
1,1,1,1,0,0,1,1,0,0,1.0,m,yes,no,Hispanic,New Zealand,children,synthetic_calibrated,0
1,0,0,1,1,1,1,1,0,1,45.6,f,no,no,Middle Eastern,Others,adults,synthetic_calibrated,1
1,0,0,1,1,0,0,1,0,0,12.3,m,no,no,Latino,Others,adolescents,synthetic_calibrated,0
0,0,1,0,1,0,1,0,0,0,10.4,f,no,no,Hispanic,UAE,children,synthetic_calibrated,0
1,1,1,1,1,1,1,1,1,1,33.5,f,no,no,Black,Canada,adults,synthetic_calibrated,1
1,0,0,0,1,1,1,0,1,1,35.1,f,yes,no,South Asian,Others,toddlers,synthetic_calibrated,0
0,0,1,0,0,0,0,1,0,0,28.0,f,no,no,Asian,Unknown,adults,uci_real,0
0,1,0,0,0,1,0,1,1,0,5.5,m,no,no,White-European,Australia,adults,synthetic_calibrated,0
1,0,0,0,1,1,0,1,0,0,13.6,f,no,no,Pasifika,UAE,adults,synthetic_calibrated,0
0,1,1,0,1,1,0,0,1,0,17.0,m,no,no,White-European,Saudi Arabia,adults,synthetic_calibrated,0
1,0,0,1,0,0,0,1,0,0,35.0,f,no,no,Latino,Canada,adults,synthetic_calibrated,0
0,1,1,1,1,1,1,1,1,1,38.3,m,no,no,South Asian,India,adults,synthetic_calibrated,1
0,0,0,0,0,0,0,0,1,0,21.0,m,no,no,Pasifika,Unknown,adults,uci_real,0
1,0,0,0,0,0,1,0,0,1,22.0,m,no,no,Asian,Unknown,adults,uci_real,0
0,1,1,1,1,1,1,0,1,1,1.0,m,no,no,Latino,Others,children,synthetic_calibrated,1
0,0,0,0,0,1,0,0,1,0,33.5,m,no,no,South Asian,India,adults,synthetic_calibrated,0
0,1,1,1,0,0,0,0,1,0,30.1,f,no,no,Others,Saudi Arabia,toddlers,synthetic_calibrated,0
1,0,1,1,1,1,0,1,1,1,26.5,f,no,no,Asian,India,adults,synthetic_calibrated,1
0,0,0,0,1,0,0,1,0,0,25.2,m,no,no,Black,UAE,children,synthetic_calibrated,0
1,1,1,1,1,1,1,1,1,1,1.0,f,yes,no,Asian,Others,toddlers,synthetic_calibrated,1
1,0,0,0,1,0,0,0,0,0,34.0,m,no,no,White-European,New Zealand,adults,synthetic_calibrated,0
1,0,0,0,1,0,1,1,0,1,24.0,m,no,no,Asian,Unknown,adults,uci_real,0
0,1,1,1,1,1,0,1,1,1,24.8,f,no,no,South Asian,United States,adults,synthetic_calibrated,1
1,1,1,1,1,1,0,1,1,1,40.0,f,yes,no,Others,Unknown,adults,uci_real,1
1,1,1,1,1,1,0,1,1,0,6.0,m,no,no,Asian,Unknown,children,uci_real,1
1,1,1,0,1,0,1,0,1,1,4.0,f,yes,no,White-European,Unknown,children,uci_real,1
1,1,0,0,1,0,0,0,0,1,32.0,f,no,no,'South Asian',Unknown,adults,uci_real,0
0,1,1,1,1,1,1,0,0,0,2.6,f,no,no,Middle Eastern,India,adults,synthetic_calibrated,0
1,0,1,1,1,0,1,1,1,1,7.0,f,no,no,White-European,Unknown,children,uci_real,1
1,0,0,0,0,0,1,1,0,0,41.7,m,no,no,Hispanic,Saudi Arabia,children,synthetic_calibrated,0
1,1,0,0,1,0,0,1,0,0,8.8,m,no,no,South Asian,UAE,children,synthetic_calibrated,0
0,1,0,0,0,1,0,1,0,0,20.4,m,no,no,Hispanic,Saudi Arabia,children,synthetic_calibrated,0
1,0,0,0,1,0,1,0,0,0,23.2,m,no,no,Others,Others,adults,synthetic_calibrated,0
1,1,0,1,0,1,1,0,0,0,6.3,f,no,no,South Asian,Canada,children,synthetic_calibrated,0
1,1,1,1,1,1,1,1,0,1,15.1,m,no,no,Black,UAE,children,synthetic_calibrated,1
0,0,0,0,1,1,0,0,0,0,28.0,f,no,no,Asian,Unknown,adults,uci_real,0
1,1,1,0,1,1,1,0,1,1,19.0,f,no,no,Latino,Unknown,adults,uci_real,1
1,0,1,1,1,0,1,0,0,1,28.6,f,no,no,Latino,Saudi Arabia,adults,synthetic_calibrated,1
1,0,1,0,1,0,0,1,0,0,23.0,m,no,no,'Middle Eastern ',Unknown,adults,uci_real,0
1,1,1,1,1,1,0,1,1,1,5.8,m,no,no,Latino,Saudi Arabia,adults,synthetic_calibrated,1
0,0,1,1,1,0,0,0,1,0,27.1,m,no,no,Latino,Saudi Arabia,children,synthetic_calibrated,0
0,0,0,1,0,0,0,1,0,0,35.0,m,no,no,Asian,Unknown,adults,uci_real,0
1,0,0,0,0,0,0,1,0,0,20.0,f,no,no,'Middle Eastern ',Unknown,adults,uci_real,0
0,0,0,0,0,0,0,0,0,0,36.0,m,no,no,Asian,Unknown,adults,uci_real,0
1,0,0,1,1,0,0,0,1,1,50.5,m,no,no,Hispanic,Others,toddlers,synthetic_calibrated,0
0,0,0,1,1,0,0,1,0,0,20.1,m,no,no,Latino,New Zealand,toddlers,synthetic_calibrated,0
0,0,0,0,1,1,1,1,0,0,13.5,m,no,no,White-European,Canada,adolescents,synthetic_calibrated,0
0,0,0,0,1,0,1,0,0,0,23.7,f,no,no,White-European,UAE,toddlers,synthetic_calibrated,0
0,1,0,0,0,0,1,1,0,0,18.0,m,no,no,'Middle Eastern ',Unknown,adults,uci_real,0
1,0,0,0,0,0,1,1,0,0,20.0,m,no,no,'Middle Eastern ',Unknown,adults,uci_real,0
1,1,1,1,1,1,1,1,1,1,17.1,m,no,no,White-European,Canada,adults,synthetic_calibrated,1
1,1,1,0,1,1,1,1,0,1,22.0,m,no,no,'Middle Eastern ',Unknown,adults,uci_real,1
1,0,0,0,0,0,1,1,0,1,38.0,m,no,no,Others,Unknown,adults,uci_real,0
1,0,0,0,0,0,0,1,0,0,9.4,f,no,no,South Asian,India,children,synthetic_calibrated,0
1,1,1,1,1,0,1,1,1,1,21.3,f,no,no,Asian,New Zealand,children,synthetic_calibrated,1
1,0,0,1,1,0,0,0,0,0,16.8,m,no,no,Latino,Canada,children,synthetic_calibrated,0
1,1,0,0,1,0,0,0,0,0,23.0,f,no,no,Black,Others,children,synthetic_calibrated,0
1,0,0,1,1,1,0,0,0,1,24.4,f,no,no,Pasifika,Saudi Arabia,adults,synthetic_calibrated,0
